Major,/ Minor Specialization,Graduation Year,Degrees Prior,- Employment Title,- Employment Exp.,- Employment Title,- Employment Exp.,- Employment Title,- Employment Exp.,- Computer Skills,- Language Skills,- Personal Skills,Courses,Projects
Economics,"   Computer Engineering, Information Science",5/1/2017,,Analysis Data Intern,"  Ashland Assigned Care Created Designed Gained Oral PowerPoint Sector; analyzing conclusions creating customer customer; data, developed experience experiment findings flavor global graphing human ingredients; oratory perfecting presentation presentations presented professional project raw release skills specialty subjects test toothpaste",Intern R&D,  & Ashland Developed Found Worked care cost creams customers; development effective free gels hair ingredients make marketable order polymers potential produce products products; research specialty styling thickener ways,Researcher,"  80 Gained Helped SOLIDWORKS; Worked adhesion cell conclusions data designed detailing engineering experience machinery medical non- page patterned program report research research. simulation studying successfully surfaces team teams technical theoretical valuable working write writing, yeast","  C++, EXCEL JAVA, MATLAB, SOLIDWORKS Working knowledge",,"  Experience accounts, auditing checking handling transactions",,
Administration Business,"Economics Finance,",5/1/2017,,Attendant Valet,"  Constantly Greeted Maintained Utmost altering attitude; controls current environment; etiquette fast high-stress individual paced, politeness professionalism; readapted responsibility smile working","Lifeguard Operator, Pool",  Aid American Association CPR/AED Certified Cross Professional Red Rescuers, Caterer Event,"  Configured Demonstrated Helped Responsible birthday bounces, charge children elementary games including involved laser managing moon operations, parties; party refereed run safety satisfaction tag; taggers;",,,,,
Financial Mathematics,Economics,5/1/2016,"Associate, Math",Logistic Technician,"  (customers); Breast Ice Inspect Monitor Pharmacies accuracy activities awareness bucket campaign cancer challenge, company controlled facility involved orders substances temperature volt;",Peer Tutor,"  Accounting, Assigned Attended Economics Economics; Financial Macro Managerial Math Micro Pre-calculus, Tutor effectively leadership model pertaining questions role seminars students subject, subjects, topic; tutees, tutor tutors understand work",  Lift Operator Order selection,"  BBS Order joining lift operator promoted selector team year,","  C+++, Java, MATLAB Microsoft Office, base, data solid spreadsheet works,","  Fluent Fulani Mandinka, Soninke, Wolof,",,,
Mathematics,,12/1/2016,"Bachelor, Mathematics", Chemical Intern Research Synthesis,"  40 Analyzed Applied Carried Chemical Chemist Dept. Identified Molecules Research Sciences Small Synthesis additive, agent candidates chemical closely company; compound co’s current data group issues; large made minute presentation products project promising reactions replace scale seal seal-swell security severe status supply swell toxicology worked",Electrical Engineering Intern,"  AutoCAD Co. Digitized Goodyear Rubber Supported Tire blueprints copies document facility; firm’s fixtures hard light location management office organized panels, power receptacles, relocation represent software", Assistant Chemical Engineering Research,  Conducted High Project School Senior Wrote created electrostatics entries experience experiments journal page-long poster presentation presented research results supervisors; weekly,"AutoCAD, Autodesk DJ, Excel, HTML, Inventor, Microcase Microsoft Virtual Zotero,","  Chinese, Fluent German Spanish, elementary",,,
Economics,,5/1/2016,"Applied Associate, Science",Manager Shift,"  (scheduling, charge day-to-day employee management, operations product tasks)",Assistant Manager,"  (scheduling, charge day-to-day employee management, operations product tasks)",,,,,"Critical Detail Effective Ethically Interpersonal Organizational, People Problem Reliable Strategic Time communication, listening, management, oriented, responsible, solving, thinker, thinking,","& Analysis, Banking, Calculus Econometrics, Money Statistical",
Actuarial Science,"  Business Design Economics, Landscape Leadership Management, Studies,",5/1/2018,, Honors Mentor Peer,"  Designed, Mentors Organized Organized, Peer class collegiate events executed freshman; incoming informative lesson meet plan situations students", Ambassador Community,  Work liaison life off-campus office student students,,,  Microsoft Products Proficiency Suite,,CPR Cross Red Trained,,
Analytics Data,,5/1/2017,,Supervisor,"  Inventory Process Train assistants create dollars generate handling inventory inventory, items; operation; operations orders orders, previous product received, restaurant, restaurant; statistics student thousands worth",  Analytics Consulting Internship Marketing,"  Analyzed Created Customer Responsible Service approached calculated calls care co, collecting customer customers data efficient; helping make observed patterns; project projected recorded reps service show trends ultimately",  Analytics Development Internship Player Sports,"  Analytics Analyze Excel Record Report Responsible Sports Stats-Sports Training Viper; body break called collecting data data, day drill; etc. final flexibility individual, input levels, metrics player players practice practices software spreadsheet, weight, wellness","  (Beginner-Intermediate (Solver Access, Advanced Excel Java Microsoft Proficiency) R add included),",,,"  Analytics Analytics, Business Data Probability",
 Financial Mathematics,,5/1/2016,, Assistant Teaching Undergraduate,  Assist Pre-Calculus Prepare Present Proctor Provide Score additional clarification classes; comprehend daily; electronically ensure examinations; examples exams; hours; information lead lessons material math multiple needing office posted quizzes record students tutoring weekly,Department Finance,"  Answer Assess Perform Process Scan, accounts administrative assist checks, complaints; compute create damage data deposit documents; duties: enter fees file inquiries invoices late organize, payable payments; periods phones process property purposes rent security spreadsheets; system system, tenants “move-in” “move-out”",Intern,"  Arranged Borrower's Communicated Gained Income/Debt Loan Officers, Performed Produced Underwriters, Worksheet, accurate; assigned based basis; broad checked clear close daily debt, documents duties employers, ensure individual industry; knowledge loan loan; miscellaneous mortgage numbers outstanding packages production specialists verifying","  Access, Excel, Java, MATLAB Microsoft learning",American Language Sign,,,
Economics; International Studies,,5/1/2016,,"  Receiving, Security Shipping, Staff","  Maintain Manage cameras cataloguing, delivering environment incoming location; office organizing outgoing packages patrolling proper secure watching",  Industry Intern Security,"  Bureau Chief Compile Congressional Industry, Secretary Staff Worked appointments assisting bites, clips control controls; export hearings meetings news office press related scheduling",& Budgeting Director Funding Summit,"  $50,000 501(c)3, Acquire Bookkeep Business College EIN Fisher allocate budget coordinate event; expenses fiscal incoming information matters money needed post-event pre-event, properly resources run successful summit, track year;","  Access, Broad Excel, Knowledge Microsoft PowerPoint Word,",,,,
Economics, Sociology,5/1/2016,,Intern,"  Analyzed Assisted Conducted Congressman Interviewed Mark Murphy; Mustio, Pat Pennsylvania Produced Representative, Senator State Tim Toomey analysis; attendance business business; calls campaign company coordinating countless data detailing districts donations election employees event; events field founder fundraisers; fundraising individual local national-level operating politicians polling private results spreadsheets stations supporters understanding work",Manager,"  14 Earned Managed Oversaw Personally Produced Supervised closing club conducting coordinating country day employees employees, employment; events hiring holiday interviewing lessons, lifeguards managed manager meetings, opening operations, parties; planned pool position private procedures, procedures; safety schedules setting special swim training, weekly year; years years;",,,"  Excel, Microsoft Powerpoint Proficient Word,",,,,
Communication Economics; Strategic,,12/1/2016,,Assistant Student,  Assist Manage Resolve Responsible apparel bookkeeping client daily displays documenting in-office incoming inquiries maintain merchandise; organizing problems procedures; samples telephone,Intern,  Aided Handled Quickly accustomed administrative backup; building clerical computer department digital documents; duties effectively efficiently files large organizing paper position program proprietary transition,Treasurer/Co-Founder,  Collaborating Facebook OSU Responsible Twitter account accounting bank bookkeeping campus charge community; create faculty food group's members numerous organization; page student-run,"  AP MS Office, Prezi, forms media social style writing,",,  Adept Capable Work communicate effectively information own; planning prioritizing processing quickly; tasks; teams verbally writing,,
Analytics Data,Health Public,5/1/2018,,Assistant Member Services,  Regulates access campus cards gym largest patrons’ swiping,Customer Service Specialist,  Assists Maintains customers merchandise; presentation product purchase,Access Project Pure Water,"  501(c)(3) Researches area barriers clean cultural, dynamic economic implementation interventions non-profit order organization; overcome qualitative quantitative research run social, student sustainable understand unique water","Analysis, JMP, Java R SPSS, Statistical programming programming,",,,,
Economics,,5/1/2016,"Administration Associate, Business",Advisor Intelligence Strategic,  12 Afghanistan. Collaborated Led Prepared Served advisor analysis; assessments combat enemies enemy future government intelligence junior long-term matters military operations operations; personnel personnel; pertaining problems provide senior solutions support team written,Analyst Geospatial Intelligence,"  50 Developed Gathered Geospatial Intelligence Military Presented Trained analyzed briefings combat data effective enemy evaluated government military models operation operations personnel personnel; plans, reports, senior software;",Leader Team,"  12 15 Collaborated Demonstrated Promoted Responsible Sergeant, accountability achieve balancing based communication dollars. equipment excess goals; leadership leading, maintaining management members military million organizational personnel personnel; rank senior skills skills; team time training, welfare",,,,,
Economics,Entrepreneurship,12/1/2015,,Associate Sales,  Addressed Answered Watched aimed assisted based clothing customer customers demographic; desires helping identified leading led losses merchandise merchandise; minimal overlooked questions revenue. risks sales search security shoplifters store suggested thefts unique would-be younger,Lifeguard,"  CPR, Examine Observe Warne activities administered aid areas areas, assigned breathing/survival; conduct detect disturbances, equipment guests guests’ hazards, health. illegal impair inclement infractions injured medical necessary, personnel pool preserve safety safety; supplies support training unsafe weather,",Coach Kids MMA/Boxing,"  Created Explained Instructed MMA/boxing Organized Provided achieve anxiety attention; avoid body, build children children’s conducted confidence daily desired direction, ease encouragement, enforced environment feet, fighting; friendly hands, injuries; maintain motivation moving physical practice regulations results. rules safety sessions specific strategies them; training ways young",  Microsoft PowerPoint Word,Spanish,,,
Analytics Data,,5/1/2018,,Instructor Lesson Percussion,"  Assist Develop aid assisting band bands; checking curriculum customers day-to-day drum drum, execute front honor instruments; learning mallet management prepare school set, snare store students tryouts",Assistent Student,  Access Assisted Constructed Created Developed Excel; HTML/CSS Joomla Microsoft PHP; additional aid analysis basic collaborate content data events forum graduate lab management manipulation; online organization presentation prospective questions; researchers sets student students training workers,,,"  & Access, HTML/CSS, Intermediate Java, MS PowerPoint, Proficient R Skills Word",,,,
Economics Political Science;,Engineering Sciences,12/1/2017,,Intern,"   Conducted Gained OPOTA completed contacted courses; created development digitally enforcement entry, experience intern law legal meetings, officer participated peace perspective records research, spreadsheets, students, training training, valuable",Intern,"   Completed Earned Gained Gluck-Asher Senator; calls, completed constituents, contacted experience; filed information office phone policy political projects, research result scholarship semester updated work writing",Intern,"  Gained Made calls campaign candidate; conflict events experience experience; gathered helped information, management political resolution set signs, time"," C++, Excel, Hub, MATLAB, Microsoft Outwit PowerPoint, Prezi, R, Solidworks Word,", Spanish basic speak,, Data Visualization,"  Created GDP analyzed capita, comparing data debt, economic employment, growth national party. political real state statistics unemployment, visualizations"
Economics,,12/1/2015,"Applied Associate, Science",Administrative Professional,"  300 Created Excel, Lead PowerPoint Primary Produce administrative agents agents; company coordinate country; customer explain generate guest guide managers meeting; monthly national necessary; one-on-one policies presentation, procedures production provide provider quarterly reference reports sales speakers support training updates web-based weekly weekly,",Estate Real Salesperson,"  $9 203k Acted Advised Assisted Broker’s FHA FHA, Opinions Price Researched, Successfully USDA VA, Worked analyzed asset assistance banks buyers clients clients; closed companies companies; compiled conventional data deadlines ensure establishing etc. first-time homebuyer including inspectors intermediary loan loans, loans; local locating maintaining management met; million mortgage negotiations; officers, payment procedures, programs programs, provide relationships resources sales sellers situation, title underwriters,",Manager Office,"  (Columbus Collaborated Compiled Composed Director Great Implemented Marketing NY); Plains, Rochester accounting accounts analyzed annual budgets business cash correspondence, costs data duties edited flow; improve including internal invoicing job locations marketing materials memos monthly, office payable prepare procedures produce projections; proposals quarterly receivable, responsible spreadsheets; standard submit tracking trends",,,,,
Actuarial Analytics; Data Science,Entrepreneurship,5/1/2017,,Analyst Intern Technology,  Examined Produced R Restructured Tableau account chargeback costs current data environments innovative level managers presented processes provide provided pulled report representations runtimes; senior services; solutions sources variety visual warehouse,Analyst Intern Research,"  2014 Bureau Census Conceptualized Feasibility Java, Presented R SAS, Study; Utilized cognitive compare current educate effective examined exploratory findings improvements independently interviews made methods; model organizational probing procedures professionals recordings study systems video",Immunology Intern,"  Communicated Designed Ezrin’s Improved Lupus, advanced alternate analyzing assessing audiences autoimmune development disorder; efficiency existing experiments explicitly implemented importance medical possibilities protocol results role steps terminology; test understanding","4.3 Adobe Analytics, Google HTML, Java, Lightroom Microsoft Office, R, SAS, Software, Suite, Tableau",,"Adaptability, Analysis, Communication, Focus, Ideation Leadership, Maximization, Planning, Strategic",,
Actuarial Science,,5/1/2016,,Warehouseman,  Assembled Recorded equipment; fitness inbound inventory orders outbound types,Cashier Sales,"  Assisted Collaborated Cook FDA Monitored Operated cash cleaned, clear, closed compliant concise coworkers customer deliver directions; ensure food giving high levels needed; register, regulations; restocked, satisfaction stations store; temperatures travelers",,,,,,,
Economics,"Computer Information Science Spanish,",5/1/2017,,/ Data Intern Political Targeting,  88 Code Consolidate Coordinate Ensure Excel VAN VBA accounts campaign campaigns commissions; county data database efficiency; efficiently election entry files format gain input inputs insight large macros manipulate maximize multiple municipal organizations party party’s preferences; state system taking validity volunteer voter, Analytics Business Intern,  ACH Designed Excel Streamlined Summarized Visio aid analysis analyze analyzing architecture automatically based cases communicate create cross-reference data development effectiveness engine guidance improved management management; metrics payment process processing provided quantitative recommendations reports results results; return risk system tabulate transaction upper vendor, Analytics Systems,"  & AWS-based Access Aggregated Amazon Assisted CRM Database Development Diagramming Entity Expanded Flow Gained Iterative Lifecycle; Managed Management OEM Relational Relationship Researched Stock Systems analysts analyzed application; bill company compiled consulting data database, error events; experience forecasts generate hardware knowledge lading management management; marketing model monthly motorcycle parts provided reports reports; requirement revamp risks sales scenarios senior show solutions systems; tested tie-in updating valuable vendor web working","  Access, ActiveX Application Architecture, Basic C++; Controls, Database Excel, HTML, Java, Management, Microsoft Outlook, Pivot Powerpoint, Python, Relational SQL, Skilled Stata, Tables Visio, Web Word, proficiency",  Professional Spanish fluency,,,  $800 Director Fundraising Oversaw academic annual exposure fundraising gala generation local members organization organization’s politics; position provide revenue state student top year
Actuarial Science,,5/1/2018,,Referee Soccer,"  18; 6 Assigned Learned Worked administrate ages boys/girls coaches, decision-making enforcing ethical families, games kids lessons parents, quick rules skills soccer;",Page Student,  Accomplished Learned co-workers cooperation efficient fellow library management parts scheduling skills techniques; time times working,Attendant Slide,  Designated Gained Learned accidents avoid community; important interacting knowledge lessons members oversee pool; public safety slides valuable ways,"  C++ Excel, Experienced Microsoft PowerPoint Programming, Word,",,,,
Economics,Business,5/1/2016,,   Delivery Manager Sales,  Consistently Delivery Developed Holidays; Managed Sales System Teams Trained average brought deal delivery demand franchise group high-volume numbers; sales staff stores;, Delivery Driver,"  Delivered Members Provided Team Worked customer efficient excellent face-to-face fast, manner; phone products provide quality service service; timely", Employee Services Support,  Delivered Lead Maintained construction files large maintenance projects sensitive setting; special state; teams warehouse,"Access, Excel, Minitab; Outlook PowerPoint, R, STATA, Word,",,,"  & Accounting Business Communications, Economic Finance, Forecasting, Foundations Models Probability Statistics",
Economics,,12/1/2015,,Associate Guest Service,"  $1000 Collect Communicate Establish Greet, Interact, Park Travel Work assigned assist assistance build cars cash customer demand effective encourage environment; force general goodwill guests hotel implement monitor optimal presenting properties provide record retrieve return-customers; service service; shift; skills software; struggling successfully systems; task team-like time transactions",Intern Summer,"  Assisted, Developed Managed Supported, accomplish business calls; company conference design efficiency employees employees; factory functionality goals; information interacted load management meetings members order oversaw participation regular relaying reported studio supported truck understanding",,,"Access Excel, Outlook, PowerPoint, Word,",Spanish,,,
Actuarial Mathematics Science;,,5/1/2017,,Actuarial Intern Lines Personal,  Composed Excel Microsoft Produced SAS Utilized Worked closely company complete create documentation future hires indications intern interns process products; project; rate revision revisions; states variety,Community Relations Specialist,"  100,000 Conducted Resolved Trained accuracy checks employees; guest’s in-­?office member memberships problems routine supervised telephone;",,,"Access, Excel, HTML, JavaScript MATLAB, Outlook, PHP, PowerPoint, SAS, Word;",,,"  Algebra Computing, Databases, Differential Equations, Interest, Linear Probability Scientific Spreadsheets Statistics, Theory",
Economics; Linguistics,,5/1/2017,,Advisor Junior Wealth,  Contacted Developed Gathered Streamlined accounts; clients clients; filing informing mailings offer office paperwork products research send services; status stocks system update updated, Handler Material,  Loaded Motivated Operated achieve company gather goals helped jack materials materials; motorized pallet plumbing production safety trucks unloaded warehouse;, Attendant Valet,  Collaborated Guided Provided achieve customer customers efficient familiarized friendly handling park procedures process; proper service valet valets vehicles vehicles;,"  Access, Excel, Microsoft Minitab? Outlook? PowerPoint, Proficient Word, internet proficient research skills",Basic Spanish Swahili?,,,
Economics Political Science;,Gender Studies,5/1/2017,,Intern,"  13 Aides Assist Columbus Craft District Legislative Ohio Oversee Representative Representatives Work closely constituent coordination legislation; memos, newsletters, office; running services testimony;",  Customer Director Service,  Employ TicketMaster Utilize box coordinate day dollars game hectic interpersonal navigate office sales; skills strong technology thousands ticket,Election Judge,  2012 Day DuPage Election Illinois Promoted Scholars State Worked ballots county election; electoral hundreds integrity officials participation places political polling preserve process registering selected serve state thousands voters;,,,,,
Actuarial Science,,5/1/2018,,Intern,  500+ ACT! ACT!; Compiled Developed Excel; Researched agents analyzed clients data database entered estate hundreds information pertaining real, Clerk Deli,"  Awarded Delegated Interacted Learned Problem-solved Shared colleagues communicated comprehensive customer customers daily, day; deli dozens effectively, efficiency; ensure ever-changing increase knowledge; manager; maximize outstanding positively prior productivity responsibilities sales satisfaction; service store tasks understanding",Secretary,"  50 Exceeded Led Organized Recorded advisor-run aspects assisted club, community correspondence effective ensure general including meeting members; minutes officers program programs record-keeping; requirements, semester; service student","  (CRM) Access, Act! Customer Excel Java, Management Microsoft Office- Relationship Software including",,,,
Mathematics,,5/1/2016,,Assistant Student,"  Aiding copying creating filing new-hire packets, papers papers, process timekeeping,",Bookkeeper,"  Organizing QuickBooks, accounts, bank bills, cabinets, entering filing invoices, managing paying payroll reconciling statements,",Camp Counselor,"  5-7 Aid, CPR, Certified Oxygen, activities campers children connections daily, ensured led made old, safe worked years",,,,,
Economics,,,,Administrative Assistant/Front Desk Student,  Collaborated Performed answering copying duties general including large office phones; projects student workers,Assistant Automation/Computer Clerk/Office,  Assisted Provided complete data; easier; ensure find insight job make patterns projects running smoothly software testing things topics workers,Associate/Cashier Sales,"  Professionally Resourcefully Worked aided attitude courteously customers customers; employees excellent feel fellow finding input items, made patrons positive product provide providing selection; service unwavering welcome;","  (Word, Excel, Microsoft Office Outlook) PowerPoint, proficient programs –",,"  Exceptionally ability articulate create, creativity; documents/presentations edit format, precision skills strong variety verbal written",,
Economics,,,,Courtesy Crew Member,  Assist Clean Collect break cars; carts; customers loading packages required; rooms shipments shopping stocking unloading,,,,,,,,,
Finance,,5/1/2015,, Associate Client Management Senior Wealth,  $150 Adviser Analyzed Conducted Designed Documented Excel; Financial Helped Million Optimization Planning Portfolio Presented Selected accounts accounts; allocation alternative analysis analysis; asset assets; assistance charge client clients clients’ compliance; conducted daily discrepancies finances financial framework funds identified indexes instruments interactive led meetings; mutual open previously profiles sensitivity team; trades transfer,  Advisor Assistant Executive Senior,  Formulate Interact Prepare allocation analysis asset basis client clients cost current daily funds; purposes; tax,,,,,,,"  $200,000+ Treasurer annual budget ogranization, prepare student"
Communications Strategic,,5/1/2017,,Account Executive,  Create Develop Ensure clients clients’ execution material press projects releases; service; supplemental transparent writings,Server,  Answer Assist Provide customer customers ordering products; questions service; unsurpassed,Brand Consultant,  Blogged Ensured Fashion Gallery Instagram NYFW; Photographed Twitter; bring designers latest light models news relevance,,  Conversational Spanish Vietnamese, Social Strong media savvy; skills; teamwork,,
Economics,History,12/1/2015,,Catalog Service Uploader,  Create Department Interior accessibility centralized database digital files historic important metadata national preservation purposes thousands uploading,Catalog Intern Service,"  30 Arizona Interacted Mexico, National Oklahoma, Refuges Texas, Wildlife Worked accessibility; administrators archiving biological biologists, collaborated creating digital files, gleaning, historic hundreds lived management managers, maps, photos, plans, preservation purposes reports, scanning",Maintenance Summer,"  Colchester Completed Helped High School; classrooms clean, including landscaping mowing, mulching paint, rearrange tasks weed-eating,","  Adobe Epson Excel, Microsoft PowerPoint; Pro; Proficient Scanning; Word, internet proficient research",French Intermediate speaker,,,
Financial Mathematics,,5/1/2016,,Assets Fixed Intern,"  $500 2 6 Assisted Excel Financials Generated Microsoft ORBIT Oracle Prepared Worked account accountants accounts alongside analysis approved asset balance closes complete comprehensive conduct corporation; creating customer databases; ensure entries, formulas hundreds implementing investigated/resolved journal leadership; lookup macros, million month-end monthly pivot quarter-end reports senior sheet statements submitted tables, team tracking understanding utilizing validity variances;","Accounting Assistant, Introductory Teaching","  5,000 Answer Assist Work accounting administrative alongside closely complete ensuring errors; exam exams grading incorrect member, organizational proctoring professor, questions semester senior solutions; student-staff students tasks tolerance",Associate Customer Service,  2012 600 Associate Award Georgia’s Oversaw Valuable assisted boats chain; customer customers equipment fulfillment largest maintenance orders promotion rental satisfaction week,"(C++), Access, Excel, Financials, Linux Mac Microsoft ORBIT OS OS, Office Oracle Outlook, PowerPoint, Windows Word, –",,"  Analytical, Communication Efficient, External Internal Organized, Oriented, Team",,"  $7,500 $800 Alumni Annual President Tournament, activities disposable founded fundraising income organization part raised student year"
Economics,Business,5/1/2016,,Energy Intern Purchasing Wind,"  Belgium, Created Gained Germany India Interacted Microsoft Navision SAP; adding assemblies bill business chain; depth edited energy global kits launched materials orders part parts plans; pricing, process purchase purchasing shipping; sourced sourcing suppliers supply understanding wind",  Intern Planning Purchasing,  Analyzed Assisted Identified Qlickview Reviewed Run Worked address aid air approval collection creation data history identify implement information; instances level manager managers meetings; method needed needing optimizing order orders overcharging; part parts pertaining plan prepared presentations priority provide receiving reports requirements; resolve sales shipment shipments shipping shortage; staff tandem vehicles warehouse;,,,"Dynamics Microsoft NAV, Office Products, QlickView SAP,",,,,
Actuarial Economics Science;,German,5/1/2017,,Intern,  Operated databases peers projects worked,Barista,  Provided customers excellent quick service,Camp Counselor,  Collaborated Led activities coworkers energetic environment; foster group improvised ineffective planned,"  Access, Excel, Experienced PowerPoint, R Software Statistical Word,",,,"  Accounting, Advanced Algebra, Calculus, Foundations Interest, Linear Probability Statistics Theory",
Economics,Business,5/1/2017,, 1 Park Seasonal Specialist,  40 Led Maintained crew district; general park parks upkeep watering,,,,,"  Access, Excel, Microsoft PowerPoint Proficient Word,",,,,
Economics,  Computer Information Science,12/1/2016,,Part-time Teller,  ATM Balance Log Run Teller21 cash daily daily; day deposits; drawer drops drops; including night process processes vault window withdrawals,Clerk Office,"  (Excel Acted Electrical Generated Looked Monthly Progress Spreadsheets) Walmart Walmart's apply avoid companies completed; contractors, corporate deriving electrial future independent liason lighting nationwide; nature office.; order orders problematic projects reports scenarios similar solutions stagnant stores strategies work worked",Associate Control Quality,  Analyzed Assisted Assurance Engineer Examined Participated Plant's Quality Stored books coatings company's computer date defected discover experiments floor; lab log manager; problematic problems; production project ran records returned roots salvage system,"CE Desktop Excel, Powerpoint, Teller21, Word,",,,,
Economics Political Science;,  Business Communication; Organizational Spanish,12/1/2016,,Caller Lead,"  $130,000 3 50 Athletics, Cancer Center, Developed Fund, Fundraised Heart Hospital, James Medical Ohio Procured Ross Spielman State State, State; Stephanie Trained University University, Veterinary additional affiliates; aid alumni alumni, athletes, behalf communicate connections donations fundraise hospital information parents, patients, provided reconnected student students updates years",,,,,"  Charts, Eyes, Fusion Gephi, Google Hub, Microsoft Office OutWit R, Stata, Statistical Tables, analysis, programming, scraping, skills visualization","  English, Fluent Russian Spanish,",,,
Economics,,5/1/2018,,  Busser Server,  10 2013; Promoted Recieved Trained available; busser date earliest employee employees month position server,Academy Student,"  Attained CEO business extensive hospital; interacting intricacies learn livley medical nurses, patients, pharmacists, physicians, proper research secretaries skills social surgeons, teams, workers",Assistant Student,  Demonstrated Developed adaptablity flexability management positions proficiency restricting schedule; school skillful skills time work,"  Adobe Excell, Microsoft Outlook, Photoshop, PowerPoint Word, adept communication internet research skills","  French, spoken written",,,
Economics, Leadership Studies,,,  Analysis Customer Data Intern Lead Rep. Service Valet,  Analyst Analyze Assist Coordinate Data Interact Senior analytical costs customers dates establishing hospital maintenance; managers organization; parking permits projects; related sales satisfactorily; studies,Entrepreneur Start-up,"  (July-August); Cargo E-350 Excel Ford Invested Moved Netted Van accounting; affordable college costs lease months, moving profit providing records researching revenue season” services students trends; “new",Assembler Intern,"  Constructed HR Learned Tested assembly business control; functions infrastructure; internal line operations product quality values,","  (HTML), Access, Excel, Facebook Google; Microsoft Outlook, Powerpoint, Twitter, Word, WordPress design, edit engines interfaces internet knowledge media minute programming record research search social videos website","  Basic Spanish comprehension reading, speaking, writing",,,Club Student Treasurer
Chinese Economics; Geographical Information Science;,,5/1/2017,,"Engineering Industrial Intern,",  31 District Met ORION ORION; Ohio Prepared Produced Valley audit center; compliance deployment discuss distribution drivers optimal process route supervisors,Server,"  250 Assisted Facilitated Performed ballroom ballroom; banquets capacity club, corporate country delegated events, events; general kitchen large person prepare scale tasks upkeep weddings,",,,"  ArcGIS ArcGIS, C++, CSS, Certified Creating, Desktop Editing, Geodatabases HTML5, JavaScript, Managing Python,",,,,
Actuarial Science,,5/1/2017,,  Math Science Tutor,  100 75% 9th Helped Mentored build grade helped math preschool previous remaining science; skills strong students tutored,Tutor,  Mentoring math middle multiple school science students tutoring,,,"  Basic Excel, Java Mastery OpenOffice Outlook, PowerPoint, SQL, Word,","  Proficient Spanish Telugu, verbal written",,"Calculus III Macroeconomics, Microeconomic,",
Economics; Finance,,,,Intern Management Wealth,"  Analyzed Evaluated Identified allocations; analysis as; business client clients company conduct daily determine drivers economic gross investment key margin market maximize metrics opportunities order portfolios profit, profitability; provide revenue, risk top",Capital Intern Markets,  (REITS) Analyzed Argus Created Implemented benchmark build building cash comparable contribute corporations discounted estate evaluation financial flow industry investment knowledge local market markets markets; models national process real regional sales; surveys trusts,Intern M&A,  (CIM) Analyzed Built Constructed M&A acquisition analysis background capital company confidential excel financial impact information learn market memorandum middle models potential procedure; process; structures transactions,,,,"  1&2, 1&2; Accounting Analytic Calculus Computer Econometrics; Economic Engineering Financial Intermediate International Lab, Macroeconomic Mat Microeconomic Programming; STATA, Science Statistics; Theory Theory; “R”",
Economics,Arabic; French,5/1/2016,,,,,,,,"Excel, Gretl PowerPoint, Word,","  Arabic Fluent French, Spanish proficient",,,"  -­? Club IRS, Model Nations Nations, Serve United aimed balance collect commercial committee conferences current debates, delegate directives director dispute documents dues, event file finance finance, financial fund intercollegiate international lead maintain meetings; member participate resolutions settlement sheets, solicit sponsorship, tax team weekly writing"
Economics,  Political Science Statistics,5/1/2017,,Student Tutor,  (Such Assist Collaborate Department Economics Professors classes concepts coursework; difficult economics information) make providing receiving related resource resources students understanding,Assistant Dock,  Hill Lake Maintained Park Pleasant Worked directly docks; efficiency enforcement environment fast law marina organization paced safe secure,,,"  14, Excel, Microsoft Office, Online PowerPoint, Proficient Research Skills Stata Strong",American Language Sign,,"  Advanced Calculus, Economics Economics, Ethics Micro/Macro Statistics, Writing","  Columbus Treasurer area club committee created financial ground lead opportunities organization, student support system volunteer"
Economics,,5/1/2017,,Lifeguard,"  3-16; Cross Exercises; Learn-to-Swim Partner Red Teach additional aged assure center community enforce ensure including kids lessons lifeguards maintenance opened participate patron pool recreation rules, safety, time training work",Ambassador Campus,  Communicated Promoted SPORTalk ambassadors campus events expand media organize promotional social spread users; website,Coach,  30 5-17; Coached Collaborated aged approximately coaches competitive efficiently group meets run set swim swimmers youth,"Access Excel, Microsoft Office: PowerPoint, Word,",Basic Spanish proficiency,,"  Business Calculus, Databases, Intermediate Intro Macroeconomic Microeconomics, Principles Spreadsheets Statistics Theory,",
Analysis; Data Philosophy,,5/1/2018,, Administrative Assistant,"  10-15 25% 50% Analyze Collaborate Document Hire, Increase Ohio Plan State assist community; companies create data department departments department’s donations employees; entire event event; events, exemplary implement initiative initiatives, office office; oversee positional procedures provide reports; service signature sponsorships student supervision train, transition; tutorials",Development Intern Software,  Assist Python SQL Utilize Write computers control database; develop files handling manipulate organization organization’s programs website website;,Assistant Summer,  Analyzed Examined Utilized assess categorize company contents control database determine files files; holdings management records relevant system them;,,,,,  Treasurer organization student
Economics Political Science;, Somali,12/1/2015,,Monitor Security,  Carried Completed Responded alert and/or assistance behavior; building calls city dispatch disputes duties guests incident intervened laws; means monitored peacefully personnel regulations reports resolve rules screens situations; state suspicious threatening varying violations,Translator/Interpreter,  Assisted English Helped PowerPoint Somali Somali; Translated desk documentaries freshmen front incoming number overs performed period presentations students tasks them; transition university; voice,Administrator Financial,  Assisted Conducted Reviewed answering appealed behalf billing claims claims; coded companies; data denied finance insurance operations; patients pay produce questions rolling submit unpaid,  Extensive MS Office computers experience including knowledge packages software,  English Fluency Somali,,,
Economics,,5/1/2016,,Server Server/Banquet,"  Coordinate Developed Strong ability accurately activities challenging competitively create customer determine environments events; multitasking needs, parties recommend relationships; skills solutions strong",Coordinating Intern Program,"   Assist Coordinates Leading Set activities attention, character commanding components; contracts; coordinator engaging enrollment, explained implements improve match matches; membership mentoring on-site program school-based sessions, skills specific support traits; volunteer youth",Server/Trainer,  30+ Contributed Logan’s Roadhouse Trained approximately location opening servers;,MS Proficient windows,American Language Sign,"  Ability Client Coordinates Exceptional Strong communication independently multiple relations, skills, tasks, work","  Banking, Business Business, Communication Government Intermediate Macroeconomics Microeconomics, Money Persuasive Pre-calculus, Principles Statistics, Theory,",
Actuarial Science,Economics,5/1/2017,, Pre-Calculus Tutor,  Assist OSU math pre-calculus remedial students, Associate Sales,  2-3 20 Assisted Helped NY&C Promoted bill card cards company coordinate credit customers customers; floor layouts organize payments sold weeks;, Assistant Controller,  15+ Assisted Excel Verified account amounts bank cash company's consistent data financial monthly reconciliations; recording reports statements,"  Access, Excel, Microsoft PowerPoint Proficient Word,",,,,
Economics, Chinese; Computer/Information Science,5/1/2017,, District Intern,"  Excel Excel, Mail Managed Merge Networked Outlook;Trained Presented Senate Senator Senator; Streamlined Word, Worked attended available; awards behalf business constituents constituents; contact databases employees engagement events full-time increase information interns leaders leaders’ local mailings media office policies; political responses social software strategy systems updated", SAT Tutor,"  & Built Created Developed English Math SAT Worked assignments bolster edited essay essays fix gave high homework improve local methods notes personalized plans prompts, sample school sections; strengths student; students study test-taking weaknesses writing; written", District Intern,  Answered California Internship Managed Presented Representative; Resolved Senator Senator; Senator’s Senior Summer agencies attended awards behalf calls; constituent constituents’ data email events incoming issues/problems phone policies; provided questions records reports state supporting working,,,,"  & 2, Accounting, C++ Data Design, Development Econometrics, Economics Financial Level Macro/Micro Mandarin Principles Software Structures,",
Economics; International Studies,,5/1/2015,, Intern,"  15-20 Directed Entrusted LA Responsible Supervision available, bills bills, bills; business calls carry clarification; communication concerns constituent coordinating district duties efficient enactment funding identifying initiatives; instance key law leaving make obtaining office potential previous private problems; properties public ranging representative research resolution resulting results seeking shift, similar states, task timely",Associate,"  Entrusted Responsible Supervision Tasked assisting carrying cash concerns deposits employees ensuring experience; guest handling hours insure keeping management operations resolving responsible smooth store store, task; tasks; wonderful working",Assistant Library,"  Library, Organized Participated activities community directing distribution efficient events family filed incoming library; local main material material, organization resulting specifically","  Excel, Internet Microsoft PowerPoint, Proficiency Word, developed research skills",,  Planning/coordinating co-workers efficiently efforts enable fellow integrate skills work,,
Communications; Economics Strategic,,5/1/2017,,Crew Lead,"  $100,000 3 5 Established Profited Promoted beneficial bid bids budget; company company; competitive completing consumer crew directed employees estimates exterior jobs; leading made man manager months mutually objectives painting priming project projects; relationships scraping, time trained working;",care lawn specialist,"  $1,000 $4,500; 12 2 6 8 Designed Expanded Managed Turned additional advertisement attitude; business business; care company constantly customer employees encouraged expand extend flyers labor landscaping lawn lawns lawns; months operations personal profit reinvested seasonal work",& delivery driver in-shop,  Accelerated bank delivery deposits driver employment extra meat responsibilities slicing taking training weeks;,,,,,
Administration Business,,,, Full Hired Staff Time,  24 Demonstrated Hired Provided Worked classes constructive day duration efficiency exceptional full-time head improve instructor instructor; proficiency strategies students substitute workplace,Tutor,  6 Assisted IB Physics Tutored apply content examinations group hours practice program regular school students understanding,,,,"  English Fluent Hindi, Spanish fair",,,
Economics,,5/1/2016,,Assistant Student,"  Assembled Conducted Created Denman Economics Forum Journal Organized Research Sports Undergraduate advisor; analytical conferences data databases departmental develop findings formulas; independent large manipulated methods models multiple player presented production; published quantify regularly reporting research sources sports statistics, thesis unique",Journey Leader,  Prepared Responsible Trained area cleanliness customer distribution; employees grill maintained order positions; preparation workstation,Cashier,"  Coordinated Handled Responsible advertising, basis; cash cleanliness, customer daily deposits equipment, excellent financial flows, inventory, maintaining maintenance managing media; opening performing promotions, providing relations reports, service social store, unsupervised","  (self-taught) Excel Microsoft VBA, VLOOKUP including macros",,"  Strong analysis, applied background data forecasting including linear mathematics, quantitative regression,",  Performing R SQL basic queries,
Economics," & Development, Economy, Environment, Sustainability",5/1/2016,, Administration Business Student,"   & Energy Hexion Hexion’s Inc. Industry;Completed Provided Renewable analysis, assessment augmented client-type company created final in-depth industry leaders, map materiality maturity pertaining projects recommendations relationship representatives research; segment strategic submitted suite working", Intern Research,  Analyzed Completed Energy Industry Led Research’s Roulston Roundtables Roundtables; Wrote analysis behavior companies; companies’ completed financial gas in-depth industries; multiple notes oil owned performance prepared projects publicly research transactions transcripts, Assistant Office,"   60 Assisted Dept HR Led OSHA Supported accounts annual company computers data employees; entry installation payable, payroll pertaining receivable reporting; servers software tasks weekly","  & (Word, Advanced Excel, MATLAB Microsoft Office PowerPoint, Suite etc.), skills",,,"& (Micro, Administration, Agricultural), Business Calculus, Computer Economics Macro, Science Statistics, Sustainability studies,",
Economics,,,, Barista,"  Clean Maintain Provide area;Responsible areas beverages card cash cleaning coffee coffee, common credit customer customers’ delivery drinks good great machines machines; make often; orders, organizing premise; register relation removing service; specification; speedy tea, trash, ware, working", Service Technician,  Perform Speak customers easier explains inspecting maintenance problem repairing repairs solutions their; vehicle vehicles;,,,  Access Excel Microsoft,  Creole Fluent,,,
Actuarial Mathematics Science;,Economics,5/1/2017,,Coordinator,  $2000 Founded NFL Raised Reached Recruited accident; community donations donations; fire football funds girl led player products; program self-made support young,Assistant Student,  Administer Facilitate Market Prepare cleaning community company create customers day; develop efficiency food function good improve longevity; maintaining meals relationships,Associate Sales,"  Assisted Home Kids Maintained, conserve customers merchandise mission recovered, restocked running section sense smoothly; statement store"," Access, Excel, PowerPoint, Word",  American Beginning Conversation Language Level Sign Spanish; level,,"  Accounting, Advanced Calculus, Databases Foundations Interest, Spreadsheets Theory",
Economics; Sociology,,5/1/2016,, Intern,"  2014 2015, 942 Assessed August; Bank Bank’s Campaign Conceptualized Continuous Corporate Created Diversity DiversityInc Employee Engagement, Equality HR Human Improvement, Index Innovation July; Matters"" Oversaw Practices Presidents Rights Senior Team Vice areas billboard, collaborate collaboration comparing complete data demographics design determined employee employees employees, end evaluated existing improvement introduced members mid- movement persuading policies, project; report results survey team workforce “Culture", Conference Intern,"  230 300 Avectra, Board Conference; Increased Managed Marketed Mortar National PayPal Resolved accommodations, assignments attendance attendees base; chapters; chartered conference conflicts fees, financial flight hotel logistical managed membership merchandise online organizational payments reaching records, registrations roommate shipping supply", Assistant Research,  Gathered Jill PhD Yavorsky’s data discrimination hiring occupational organizational project. research segregation settings systematized,"  Access. Excel, Experienced Mastery Microsoft Outlook, PowerPoint, Stata Word, methods. research",,,,
Economics,Business; English Political Science;,5/1/2016,, Intern Operations,  AML/BSA; Analyzed Management Model Optimization Supported Worked collaborated creating departmental documentation executive group leadership maintaining management monitor monthly performance presentation program tools;,Intern,  Assisted Researched administrative briefs constituents; duties legislative office points prepared relations staff talking, Analysis Data I.T. Intern Lead,  Led Organized coordinated goals intern item management outlines project project; standardization team transition upper,"Access, Analysis: Excel, Gretl Microsoft Office PowerPoint, SAS SQL, Stata, Statistical Suite: Word",,,"  & Accounting Banking, Econometrics, Finance Industrial Money Organization,",
Actuarial Economics Science;,,12/1/2016,,Lead Student,  Manage Order bakery co-workers; coffee evaluate items station supplies,Associate Sales,"  Cashed Maintained Managed Provided clean, customer customers efficient, friendly items overnight polite prompt, service; shift; store store;",Associate/ Cook Sales,"  Cleaned Maintained Performed Received area area, counter counters, customer drive-thru; duties food front healthy issues; kitchen orders, payments preparation processed responded restaurant; safety standards","  (Access, C++ Excel, Microsoft Office PowerPoint, Programming, Stata Word),",Intermediate Spanish,,"  Accounting, Advanced Algebra, Calculus, Contingencies, Econometrics Foundations Interest, Intermediate Life Linear Macroeconomics, Microeconomics, Probability Statistics, Theory",
Anthropology Economics;,,,,,,,,,,,,  Collecting/Analyzing Columbus Development Economic Ohio data neighborhood research,,  Fundraiser Team organization student
Analysis Data,,5/1/2016,, Tutor,"  Algebra Calculus, Geometry, II, Spanish Tutored Worked hours ten week;", Assistant Personal,  Assistant Break; Helped Personal Winter Worked office organize,,,  Microsoft Office Pages,Spanish,,,
Economics,   Business Statistics,5/1/2016,, Assistant Research,"  10 130 1948 2014 3-year 6 Analysis Behavior Collected Conference Data Database Education Gained Nutrition Organized PA Pittsburgh, Presented Production Quatrics; Recorded Records; STATA, Society Software; Statistical Tray-waste annual candy, categories comparing data data, demographics experience food future general involving junk paper period pop, poster sales school schools scores states studies; summer; survey tax test tool tray- versus waste years years;",   General Intern Pediatrics,"  4280 Analyzed BMI; Center Great Lakes Presented Science activity age, assessment back charts counseling, dietary documentation documentation, end forum invited labs labs; ordered, patient’s physical poster present reason summer template", / Carside Host Specialist ToGo,"  Coordinated Multitasked answering area based cars dining entire food food, kitchen; making overdue packaging phone, preparing present running servers",,,,,
Economics,Business,5/1/2017,, Crew Grounds,"  10,000 Collaborate Provide Work basis clean complex coworkers crew effective efficient ensure environment finding follow grounds largest make manner members nation occur operating park people problems regular safe schedule; smoothly; softball solutions tournaments",   Facility Fitness Manager RPAC,"  550,000 Assisting Enforce Inspect, RPAC Work averaging conditioning/weight coordinator customer departmental environments events. facilities facility feet groups health, hour maintain, managing policies provide safety, school security, security; service set size special sports square staff student training twenty weeks work year;", Associate Sales,"  100% Merchandised, Worked ability accurately associate assuring attending constantly customer customers; demonstrate describe environment, fast-paced floor highly manner; products professional replenished sales satisfaction stocked stressful top",,,,,
Economics,Finance,,,Intern,  Assisted B2B Participated Prepared Researched Wrote behalf behaviors business campaigns clients; client’s consumer copy drafted market meet needs; presentations presented proposals reports research reviewed shows trade trends website websites;,Associate Sales,  Assisted Extensive bank building counting customers; delivery floor frequent products register relationships selling work,Assistant Chef Pastry,  Responsible baked café campus goods providing step transportation,"  AdWords Analytical Analytics; Customer Excel, Google Microsoft Powerpoint Reporting- Revising Word, campaigns- reviewing sales service skills",,,,
Economics,Theatre,5/1/2017,,Economic/Finance Intern,  Economic Work analyze billing data econometrics excel facilitate forecasting modeling; projects sets;,Associate Sales,"  Cultivated Set achieved customer daily, excellent goals; managed monthly relationships sales weekly,",Coach,"  4-15; Basketball, Coached Communicated T-ball, Track; ages children facilitate guardians parents practices weekly",,,  Ability Aptitude Great High analyzing aptitude collaborate communicating communication complex concepts create easily efficiently; ideas implement information mathematical models; others; skills,,  Treasurer organization student
Economics,Chinese,12/1/2015,, Analyst Corporate Development Intern Program,  $200K Accenture Authentication Automated Bank; Call Card Center Completed Control Customer Department; Established Identification Improved JD Maps; Powers Process Retail Service Study Time Validation Worked collaboratively cost deficiencies development enhancement implemented improve operations ranking resulting revising satisfaction savings tactics, Department Intern Judgment,  Created Litigation Mortgage Utilized approval attorneys case cases changes; documents functions inform management merged pre-appraisal reporting review senior staff structural systems update, Intern Operations,"  32+ 74 Center Center; Collaborated Coordinated, Created Distribution Jefferson Stores Target West achieve activities daily departments discover implemented level managed members; operation optimal process requirements scheduled, service serviced stores team trends",,,,,
Economics,Mathematics,5/1/2016,  Arts Assocate,Area Manager,"  ""high-performance"" ""quality"" ""strong"" 11-12 7 Accountable Civil Columbus, Consulting, Developed District Effectively Engineering/Construction, Financial Fostered Law, Manager Manager; Medical Non-Profit, Ohio; Operations Proactively Productively Real Responsible Services, Successfully accounts, areas articulated businesses collaborated company company, conducted created customer customer, developed efficiently employee employees; estate, evaluations; executives find growth high-profile impediments impediments; implemented improving include: initiatives inventory janitorial job lead, managed, management; members morale objectives; offices; ordering performance plans produced professional-working professional/personal properties relations, relationships satisfaction; scope secured services solutions staff supplies support sustained systems teams trust,",  Administrative Assistant Executive Officer Senior,"  $500,000 500 Accounted Constantly Enforced Initiated Maintained Media Officer, Organization Provided Spirit Supported actions administrative attention bases; challenges; civilian complete computer counterparts; creating daily data databases; design detail directives; documents effectively embodying employees; escort existing files finance improve members memorabilia motivation negotiations numerous office operations order organization payroll personnel policies, pricing property pursued quality quickly records related resolve sensitive service spirit; standards, supervised systems tasks; team updating ways",Escort/ Key Operator Personnel Radio Telephone,  100% 500 Enduring Ensured Freedom; Instrumental Operation Succeeded Worked applying aware briefing challenging compliance demanding directives; environment fast generating guidance highest highly made mission organization organizations paced personnel practices providing published readiness resources; schedules situations support supporting training utilizing weekly,,,"  Active Administration, Analysis, Assurance, Behavioral Building, Business Change Clearance, Command, Data Economic Economics, Experience, Government, Improvement, Information Inventory Keeping, Leadership, Logistics Management, Microsoft Military Negotiation, Office Office, Operational Operations Operations, Planning, Policy Process Project Public Record Root Security Sigma, Team Technology, Training,",,
Actuarial Mathematics Science;,,12/1/2015,,Lifeguard,  40+ Performed Responsible Taught Worked classes facility hours kids; lesson maintenance; safety; supervising swim swimmers’ week,,,,,"Java Microsoft Office, Programming",German,,"   Accounting, Business, Computer Contingencies Interest, Life Probability, Skills Theory",
Economics,,5/1/2016,,Carpet Cleaner,"  Gained Performed Wrote businesses calculated carried checks clientele; credit customer daily experience handled homes inventory materials person phone prices, receipts, restocking service supplies transactions, transactions; truck valuable work working",Employee Summer,  Assumed Collaborated appearance city daily efficient employees employees; enhance leadership maintain manner order role summer tasks working,Assistant Coach,"  Developed Performed coaches condition field interactions interpersonal maintenance opposing parents, personnel; playable players skills working","  Excel; Experience MATLAB, Microsoft PowerPoint SolidWorks, Word",,,,
Economics,Business,5/1/2016,,Intern,  Analyzed Worked accounts. advisor allocations asset based clients’403(b) client’s determine directly financial helped investment management risk specializing tolerance. vehicles,Server,  Sales ability communicate customers effectively managers. position potential required,Valet,  Columbus. Parked cars customers restaurants retrieved,,,  Communication: Experience: Management Sales Working ability assistant basis. children; coach communicate customers direct effectively experience gave gymnastics interfacing management parents position respectfully routine sales,,
Economics,,5/1/2016,  Associate Science,Assistant Program,  50 Collaborated Organized Planned Presented challenging community; coordinated enhance events guest male mediated mentee mentoring mentors; present program redefine speakers students students; team topics,Specialist Support,  2012 Assist Awarded Document Enhanceconsumers’ Mentor September administer consumers consumers; employee guidance independenceandself-­­helpskills; locations; male medication month provide transporting, Pre?School Teacher,  3-­­5 Assisted Educated Graduated Improved Kindergarten; Provided age ages artwork classes musical plays preparation preschool programs; school skills social students students; summer,  Excel Word,Basic Spanish,"  Experienced analytical art; graphic leadership, motivational, multimedia skills.",,
Economics,International Studies,5/1/2016,,  Assistant Measuring Project Research Residential Segregation Student,"  Affairs; Analyzes Census, Gathers Organizes STATA Veteran analysis analysis; data historical including large linear prepares prison records, regressions reviews runs sets sources statistical tools",Intern,  Collected Developed Marketed clients customers field financial housing literacy loan loans materials microfinance officers; payments presentations qualifying representatives townships; training,  Assistant Book Club Coordinator Editor Summer,"  60 Developed Instructed Journal Presented Represented State Wisconsin Wrote achievement articles city community donors education elementary functions functions; funded gap grammar, interactive issues lesson local luncheons mechanics meetings; middle nonprofit operations organization plans process, publications, related revision; rigorous school students students; writing","  Excel; Intermediate Microsoft PowerPoint, Proficient STATA Spanish; Word, proficiency",,,,
Economics,Constitutional Law,12/1/2015,, Intern,  Contributed Screened calls; phone research script-writing, Fall Fellows Intern,  County; Franklin Input OFA Registered computer data system voters young, Tutor Writing,  Assisted Helped current difficulties essays homework struggles students writing;,"   7, Access, Leopard, Lion, Microsoft PowerPoint, Proficient Snow Windows Word, XP,",,"Creative, Great Meets Organized, Problem-solver, Punctual, Team customer deadlines, player, service skills","Business College Composition, English Law, Marketing, Public Speaking,",
Communications; Economics Strategic,,5/1/2016,, Telecounselor,  60 Address Collaborate Collect Ohio State University; academic applying competitive data goals programs prospective questions schools; students undergraduates weekly work, Intern Management Store,  Coached Drove Inspired alongside analyzing associates build business customer developed improvement influenced initiative; loyalty merchandise myriad opportunities partners profit sales selections; service strengths team trends work, Intern Marketing,"  Contacted Promoted Utilized accomplishments articles businesses; entrepreneurs; followers gain gained ideas, media networked past potential relationships social solidifying subscribers talents works written young",,,,,
Analytics Data,,5/1/2018,,Assistant Membership Office Sales,  Maintain Perform Process cancelled consolidate data entry error-correction; files files; information member orderly organization system,,,,,"  HTML Internet Java; Microsoft Office, Proficient Windows, XML; experience introductory programming year",,,,
Analytics Data,,5/1/2018,,Intern,"  Analyzed CEO Created Delivered Gained Medicare Sportfire TIBCO Utilized Worked accurate analysis analytics and/or assess benchmark cleansing, company’s conceptualized cost costs create data directly efficiently environment experience generates geographies health individual initial insightful integration, integrity large levels; medication modeling, objectives; offering; optimizations; patterns performing physician platform; prescribing reporting sets specific startup state, system systems; visualizations",Delivery Driver Pizza,   Created Delivered Pizza; costumers; experience orders phone; positive,,,"  Ability Excel Experience GitHub; Java, Microsoft Proficient Python; R Reputation creative detail learn oriented; programs quickly; reliable,",,,,
 Economics International Studies;,,5/1/2016,, Executive Intern,"  Attended Coached Engaged actions analysis associates business depth determine directors exceed executives goals loyalty maintain metrics; multiple opportunities; practices recoup regional sales sales, senior store targeted team utilizing visits",   Assistant Business Manager,  Assisted Centers; Drafted MRI Organized Scanner accounts centers; communications coordination creation events; fiscal materials policies programs promotional streamline track tracked, Intern,  Created Drafted Organized bookkeeping client distributed information marketing materials nascent outreach; programs; recruitment resources,,Chinese,,,
Economics,  Computer Information Science,12/1/2016,,  ETL data developer groovy team warehousing,"  Agile ETL Engineered MongoDB, Reverse Worked analysts, application application; backend business calculations code de development explain groovy making met methodology; modifications products; requirements; supporting tax web",   Development Engineering Intern Software Web,"  .Net Android C# Microsoft SQL Server Worked Wrote app app; asp.net back-end basic code codes commands; creating database design develop development development; education-technology extensive framework front-end helped interactive layout mobile procedures, site. stored tables, team web website writing wrote",,,"(Word, Android, C#, C++, Conversational Excel); Groovy, HTML, Java, Linux/Unix; Microsoft MongoDB; Office PowerPoint, Python, SQL Scripting; Server, Shell Spanish Suite asp.net,",,,,
Financial Mathematics,,5/1/2016,,Mathematics Tutor,   70% Assisted Awarded Created Dependable Obtained absences conducive environment generated hundreds impeccable learning; math raise rate; record relationship return sharpening skills students students; work year;,Car Employee Handler/New Parts Trainer,  Dependable Eager Employee Ohio; Promoted Received Set Trainer absences customer impeccable making manor; needed; orders overtime production raise record records responsibility timely work year;,Crew Kitchen Member,  Dependable Received Supplied absences customers efficient employee evaluations; exemplary food grades impeccable manner; record,"   Code, Computer Excel, Java MS Outlook. Word, including proficiencies",,,,
Analytics Data,Mathematics,5/1/2018,, Loan Processor,"  Analyzed Manual Policies Prepared Procedural Served Updated accordingly; answered approvals asset assisted borrowers borrowers; carefully closing collected complying contact denials determine documentation documentation; documents federal guidelines; income issued loan manner, market members mortgage mortgage; person practices pre- pre-approval, primary process, processors product, qualified questions reflect required secondary selecting timely trained underwriting,",   Assistant Consultant Mortgage,"  Assembled applications, business documented expenses files, mortgage office systematized",,,"  & Adobe C++, Excel, InDesign; Intermediate Java, MS PowerPoint Proficient R; Skills Word",,,,
Economics,Finance,5/1/2016,"Bachelor, Computer Engineering",Photo Specialist Technician,"  - Compliance Controlling Determine Developing, Evaluating Information Machines Processes Read Standards activity applications, artistic comply computer computers contents contributions; control creating data, designing, determine direct enter events examines functions, ideas, including individual information information; instructions judgment laws, machines mechanisms operate order orders other; physical process processes processes; processing products, program, regulations, relationships, relevant requirements set size, software, standards systems systems, type write written",Receptionist,"  Assisted Developed Greet, Hamlet Office; Provided Received, accurate assist calls; conference conferences current directed effectiveness efficiency ensure fax filing general maintained meetings, messages messages; office order planning preparation public relayed services students, support system; telephone visitors",,,"Adobe CSS Dr. HTML5, Java, Lab, Mat Microsoft Office, Open Photoshop, Works,",  (Spanish Bilingual English) Strong background multicultural,,,
Anthropology Economics;,,5/1/2016,, Cashier/gardener,, Server Student,, Assistant Research,,"Excel, Microsoft OS, Office, PowerPoint Windows",,,,
Economics,Entrepreneurship,5/2/2016,,Intern Paid,  Constructed Hosted buyers; graphic houses marketing open press prospective techniques tools word,Intern Paid,  Assisted Facilitated Interned commercial companies customer industry insurance mergers personal premiums; representation; sales service,Intern Paid,  Apprenticed Cold-Called Sold computer consumers consumers; distribution engaged government potential private sales supplies supplies;,"  Excel Microsoft PowerPoint, Word, function presentation", Intermediate Level Spanish –,,,
Economics Political Science;,,5/1/2016,,Division Europe Intern,"  $3000 17 75 Collaborated Conference, Congressmen Europe IRI Managed Parliamentarians; Tank Transatlantic biennial contracts countries, delegates employees including organizing reviewed senior staff valued working",(Statistician) Student Trainee,"  Acted Agreement Analyzed Bureau Census Central Collection Congress, Division Governments Implemented Kentucky comprehension contact data easier finances government including management media, organization; point presented public researchers' results stakeholders state tools users utility",,,"  Adobe Experience Gretl InDesign, JMP Microsoft Office, Processing Proficient R, SAS, design econometric language; software software, statistical"," Conversational Italian; Spanish, elementary",,,"  $10,000 100 Administration, Director Finance Hall; Managed Ohio Prepared Residence State Successfully approximately audience audits; budget dormitory-wide dormitory; finances hall members planned semi-annual show talent"
Economics,Business,12/1/2015,,"Commercial Intern, Lines Underwriting","  2015 Conducted Evaluated Executive Grange Sat Served Team, acclimate amounts business, capstone commercial companies, confirm construction/condition corporate coverage, coverage; culture. current determine equal focused improving insured internship leaders, lines management meetings millennial’s; part premium premiums presented presenters, process; project property research restaurants, specifically team terms type underwriting verifying",Associate/Intern Tax,"  Bank Bills, Conduct Executed Prepare Receipts, Statements, accounts administrative book clients clients; corporate documentation extensions file including items keeping legal managing monthly multiple payable personal, pick regular relevant returns, tax updates ups work",Inventory Team,"  (Union Assess Bar Conduct Grill); Inventory Market, Ohio Sloopy’s, Union Woody’s access counts determine due ease employees, inventory items; miscounts misplacement order prevent product quantities reorganization restaurants sales sufficient time variance","  Excel, Internet Mainframe; Microsoft Outlook; Powerpoint, ProSeries; QuickBooks; Word, proficient research skills",,,,
Actuarial Science,Economics,5/1/2018,, Crew Trainer,"  Handled Trained basic clean crew customer food guest maintanence members money, preparation, service; services; stations;",,,,,"Access, C++, Excel, Java PowerPoint, Programming: Word",,,"  Calculus, Computer Economics, Engineering Micro Science",
Economics,,5/1/2016,,Clerk Grocery Store,"  Drug/General Merchandise bagging cashier, clerk clerk. counting, dairy department departments, experience frozen groceries, grocery held inventory. learned maintaining, managing ordering place positions promoted shelves skills. started step stocking supervisor taught vacation week,",Analytics Intern Summer,  Analytics Excellence Familiarized Operation Participated Performed R analysis analytical begin brainstorming business-critical company customer data; databases dealing descriptive force industry information partnership perform rapidly; relevance rest sales segmentation; sessions strategies survey synthesis team team;,Assistant Operator's,  Assisted Maintained Trained Worked alongside cleanliness; day factory instructions machine machines operator's orders part-time production quality setting; shipping tasks; teams work workers;,"  Excel, Familiarity Java, PowerPoint, Proficient R, SQL, Software: Tableau Word, programming: workplace:",,,"  & Accounting, Analytics, Calculus Corporate Data Finance, Foundations I,II,III, II, Inference Intermediate Microeconomic Personal Probability Software Statistical Theory",Analytics Business Cluster Industry
Economics,,5/1/2016,,Administrative assistant,  Managed Processed duties information mailings; office request requests;,Intern,  & Learned Sat Shadowed attorneys; courtroom firm; gas law law; learned oil practices; proceedings staff trails; variety,Instrument room staff,  Assigned Distributed Performed instruments instruments; lockers mail; maintenance managed students;,,,,,
