Major,Minor / Specialization,Graduation Year,Prior Degrees,Employment - Title,Employment - Exp.,Employment - Title,Employment - Exp.,Employment - Title,Employment - Exp.,Skills - Computer,Skills - Language,Skills - Personal,Courses,Projects
Economics,"Engineering, Computer   Information Science ",5/1/2017,,Data Analysis Intern,"Assigned   project     global customer     Oral Care Sector; Designed   experiment   test flavor release   human subjects   toothpaste developed   Ashland specialty ingredients; Created   presented   PowerPoint presentation analyzing   findings   conclusions     customer; Gained experience graphing   analyzing raw data, creating professional presentations   perfecting oratory skills",R&D Intern,Worked   research   development   hair care & styling products; Found cost effective ways   produce products   order   make   polymers   marketable   potential customers; Developed hair styling creams   thickener free hair gels   Ashland polymers   specialty ingredients,Researcher,"Worked     team studying yeast cell adhesion     patterned   non- patterned surfaces       designed theoretical medical machinery   simulation program SOLIDWORKS; Helped write   80 page engineering report detailing data   conclusions   research. Gained valuable experience   technical writing, research   successfully working   teams","Working knowledge   JAVA, C++, MATLAB, SOLIDWORKS   EXCEL",,"Experience   handling checking accounts, transactions   auditing",,
Business Administration,"Finance, Economics",5/1/2017,,Valet Attendant,"Maintained etiquette   working     fast paced, high-stress environment; Greeted     smile   politeness   current attitude; Utmost individual responsibility   professionalism; Constantly readapted     controls   altering","Pool Operator, Lifeguard",CPR/AED Certified   Professional Rescuers     Aid     American Red Cross Association,Event Caterer ,"Helped   run party operations, including managing birthday parties; Configured moon bounces,   charge   laser taggers; Demonstrated       refereed elementary children   games   laser tag; Responsible     satisfaction   safety   children involved",,,,,
Financial Mathematics,Economics,5/1/2016,"Associate, Math",Logistic Technician,"Inspect accuracy   orders   Pharmacies (customers); Monitor temperature   facility   controlled substances volt; involved     company activities     Ice bucket challenge,   Breast cancer awareness campaign",Peer Tutor,"Assigned students   work             subjects,     understand   subject,       questions     pertaining   topic; Tutor Math     Pre-calculus, Financial Accounting, Managerial Accounting, Micro Economics   Macro Economics; Attended   seminars     tutors tutor effectively         role model   tutees,       leadership seminars",Order selection   Lift Operator,"Order selector     year,   promoted     lift operator   joining   BBS team","Microsoft Office, Java, C+++, spreadsheet   data base, solid works,   MATLAB","Fluent   Soninke, Wolof, Mandinka,   Fulani",,,
Mathematics,,12/1/2016,"Bachelor, Mathematics",Chemical Synthesis Research Intern ,"Carried   large scale chemical reactions     Small Molecules group     Chemical Synthesis Dept.   worked closely     Research Chemist     company; Identified   promising candidates       seal-swell agent   replace co’s current seal-swell additive,   compound   severe toxicology   security   supply issues; Analyzed data     Dept.   Applied Sciences     products     reactions   made   40 minute presentation     status     seal swell project",Electrical Engineering Intern,"Digitized   organized hard copies   blueprints     AutoCAD software   represent   location   receptacles, power panels,   light fixtures     Goodyear Tire   Rubber Co. facility; Supported firm’s office relocation   document management",Chemical Engineering Research Assistant ,Conducted electrostatics research experiments   presented results   research supervisors; Wrote   weekly page-long journal entries     experience   created   poster presentation   Senior Project   High School,"AutoCAD, Autodesk Inventor, HTML, Microsoft Excel, Virtual DJ, Zotero, Microcase","Fluent   Spanish, elementary Chinese, elementary German",,,
Economics,,5/1/2016,"Associate, Applied Science",Shift Manager,"  charge   day-to-day operations (scheduling, product management, employee tasks)",Assistant Manager,"  charge   day-to-day operations (scheduling, product management, employee tasks)",,,,,"Interpersonal communication, Problem solving, Detail oriented, Time management, Ethically responsible, Effective listening, Critical thinker, People management, Strategic thinking, Organizational, Reliable","Econometrics, Money & Banking, Statistical Analysis, Calculus",
Actuarial Science,"Leadership Studies, Landscape Design   Management, Economics,   Business",5/1/2018,,Honors Peer Mentor ,"Designed, Organized,   executed   informative lesson plan   incoming collegiate freshman; Organized events     Peer Mentors   meet students       class situations",Community Ambassador ,Work     student liaison   off-campus students     office   student life,,,Proficiency   Microsoft Suite Products,,Red Cross CPR Trained,,
Data Analytics,,5/1/2017,,Supervisor,"Train student assistants       operations     restaurant;   Inventory       restaurant, handling   items; Process   inventory,       orders received,   create orders, handling thousands   dollars worth   product     operation;   previous inventory statistics     generate orders",Marketing   Consulting Analytics Internship,"Responsible   collecting data     project       make   Customer Service   efficient; Analyzed customer care service calls   recorded observed patterns; Created projected trends     data   show co, ultimately helping   make calculated         Customer Service reps approached customers",Player Development   Sports Analytics Internship,"Responsible   collecting data     players   practices     Sports Analytics software called Stats-Sports Viper; Analyze   body metrics     players   break     individual, practice drill; Record   player data,     player wellness levels, weight, flexibility etc.   input     Excel spreadsheet,             final Training Report     day","Advanced   Microsoft Excel (Solver add   included), Access, Java   R (Beginner-Intermediate Proficiency)",,,"Business Analytics, Probability   Data Analytics",
Financial Mathematics ,,5/1/2016,,Undergraduate Teaching Assistant ,Present information   examples   ensure students comprehend material daily; Prepare lessons   lead multiple classes; Proctor examinations; Score   electronically record weekly quizzes   exams; Assist students needing additional math clarification   posted office hours; Provide weekly tutoring   Pre-Calculus students,Finance Department,"Perform administrative duties: process rent checks, compute late fees   enter       system,   create deposit spreadsheets; Process invoices   data     system   payments; Scan, organize,   file accounts payable documents; Answer phones   assist tenants   inquiries   complaints; Assess property damage   “move-out”   “move-in” periods   security deposit purposes",Intern,"Produced Income/Debt Worksheet, checked     outstanding debt, ensure loan   clear   close     individual loan; Communicated   Loan Officers, Underwriters, Borrower's employers,   production specialists     daily basis; Arranged loan packages verifying   documents   numbers   accurate; Gained broad based knowledge     mortgage industry; Performed miscellaneous duties       assigned","Microsoft Excel, Microsoft Access,   Java,   learning MATLAB",American Sign Language,,,
Economics; International Studies,,5/1/2016,,"Shipping, Receiving,   Security Staff","Manage   incoming   outgoing packages   cataloguing, organizing   delivering       proper location; Maintain   secure environment       office   patrolling   watching cameras",Industry   Security Intern,"Compile press bites, news clips related   export controls; Worked     office       Secretary   Bureau   Industry, scheduling   appointments   assisting   Chief   Staff   meetings   Congressional hearings related   export control",Summit Funding & Budgeting Director,"Acquire   needed budget   $50,000   run   successful pre-event, summit,   post-event   year;   track     incoming money   expenses   properly allocate     needed resources     successful event; Bookkeep   501(c)3, EIN information   coordinate   fiscal matters   Fisher College   Business","Broad Knowledge   Microsoft Excel, Microsoft Word, Microsoft Access,   PowerPoint",,,,
Economics,Sociology ,5/1/2016,,Intern,"Assisted   coordinating   operating   fundraising events   national-level politicians     Senator Pat Toomey   Congressman Tim Murphy; Conducted countless business calls     supporters     donations   attendance   fundraisers; Produced spreadsheets detailing results   election   individual districts   data analysis; Interviewed founder   employees   company         understanding     business; Interviewed   Pennsylvania State Representative, Mark Mustio,     private fundraising event; Analyzed results   polling stations     work     field     local campaign",Manager,"Earned manager position     years   employment; Managed lifeguards   private country club pool     years; Supervised 14 employees   year; Personally managed interviewing   hiring employees, setting   meetings, conducting training,     safety procedures, swim lessons,   coordinating pool opening   closing procedures; Oversaw day   day operations, planned special holiday events   private parties; Produced weekly schedules",,,"Proficient   Microsoft Word, Excel,   Powerpoint",,,,
Economics; Strategic Communication,,12/1/2016,,Student Assistant,Assist   daily bookkeeping procedures; Responsible   documenting   organizing incoming samples   apparel   merchandise; Manage   maintain in-office displays   merchandise; Resolve client inquiries   problems   telephone,Intern,Aided     large department transition   paper files   digital backup; Quickly   accustomed     proprietary computer program   organizing building documents; Handled   administrative   clerical duties     position efficiently   effectively,Treasurer/Co-Founder,Collaborating   numerous OSU faculty members   create   student-run food bank     campus community; Responsible     accounting   bookkeeping     organization;   charge     group's Facebook page   Twitter account,"MS Office, Prezi, AP style writing,     forms   social media",,Work     teams       own; Adept   planning   prioritizing tasks; Capable   processing information quickly;     communicate effectively   verbally     writing,,
Data Analytics,Public Health,5/1/2018,,Member Services Assistant,Regulates access     largest gym   campus   swiping patrons’ cards,Customer Service Specialist,Assists customers   purchase merchandise; Maintains product presentation,Pure Water Access Project,"Researches clean water interventions     501(c)(3) student run non-profit organization;   quantitative   qualitative research     understand   unique social, cultural,   economic dynamic       area   order   overcome barriers   sustainable implementation","Java programming, Statistical Analysis, JMP, SPSS, R programming",,,,
Economics,,5/1/2016,"Associate, Business Administration",Strategic Intelligence Advisor,Served   junior intelligence advisor   senior military personnel     matters pertaining   future enemy analysis; Collaborated   senior military   government personnel   provide long-term solutions   problems   combat operations; Prepared written assessments   future enemies       senior military personnel; Led   team   12 military personnel   support   combat operations   Afghanistan.,Geospatial Intelligence Analyst,"Gathered   analyzed enemy operations data   senior military personnel; Developed   evaluated combat operation models   Geospatial Intelligence software; Trained   50 military personnel   effective     Military Intelligence software; Presented Intelligence reports, plans,   briefings   senior military   government personnel",Team Leader,"Promoted   rank   Sergeant, based   communication   leadership skills; Responsible   leading, training,   maintaining welfare   12 military personnel; Collaborated   team members   senior military personnel   achieve organizational goals; Demonstrated time management   organizational skills   balancing accountability   personnel   military equipment   excess   15 million dollars.",,,,,
Economics,Entrepreneurship,12/1/2015,,Sales Associate,Addressed customers   assisted   helping   search   clothing leading   sales   suggested merchandise based   customer     desires   led   sales   overlooked merchandise; Answered questions     store     unique merchandise aimed     younger demographic; Watched     identified security risks   thefts   would-be shoplifters leading   minimal losses   revenue.,Lifeguard,"Examine injured pool guests   administered   aid   CPR,   necessary,   training   medical supplies   equipment   support guests breathing/survival; Warne guests   inclement weather, unsafe areas,   illegal conduct   preserve   guests   personnel safety; Observe activities   assigned areas   detect hazards, disturbances,   safety infractions     impair   guests’ health.",Kids MMA/Boxing Coach,"Provided training direction, encouragement,   motivation   young children   build confidence   them; Created   friendly environment   ease   anxiety children       fighting; Organized   conducted daily practice sessions   maintain young children’s attention; Explained   enforced safety rules   regulations   avoid   physical injuries; Instructed children   MMA/boxing rules   strategies     specific ways   moving   body, hands,   feet,   achieve desired results.",Microsoft Word   Microsoft PowerPoint,Spanish,,,
Data Analytics,,5/1/2018,,Percussion Lesson Instructor,"Develop   execute curriculum   aid students   learning drum set, snare drum,   mallet instruments;   students prepare   tryouts   school band   honor bands; Assist   day-to-day management     store front   assisting   checking   customers",Student Assistent,Assisted     organization   basic analysis   data sets   Microsoft Access   Excel; Created   online forum   students   researchers   collaborate     questions;   Joomla   additional HTML/CSS   PHP; Constructed   training presentation   aid lab workers   graduate students         Microsoft Access   data management   manipulation; Developed content   prospective student events     lab,,,"Intermediate Skills   Java, HTML/CSS, Intermediate Skills   MS Access, Proficient   MS Word & PowerPoint, Proficient   R",,,,
Political Science; Economics,Engineering Sciences,12/1/2017,,Intern,"Conducted legal research, created spreadsheets, contacted students, digitally completed records entry,   participated   OPOTA meetings, intern development training,   peace officer training courses; Gained valuable legal experience     law enforcement perspective ",Intern,"Gained office   political policy experience; Completed   writing   research projects,   phone calls, contacted constituents,   updated   filed information     Senator; Earned Gluck-Asher scholarship     result   work completed     semester ",Intern,"Gained campaign experience; Made political calls   signs, gathered political information,   helped set   events     candidate; Gained experience   conflict resolution   time management","Microsoft Word, Excel, PowerPoint, R, Outwit Hub, Prezi, MATLAB, C++, Solidworks ",speak basic Spanish ,,Data Visualization ,"Created   analyzed data visualizations comparing national   state statistics   employment, unemployment, debt, real GDP   capita,   economic growth   state   political party."
Economics,,12/1/2015,"Associate, Applied Science",Administrative Professional,"Primary provider   customer support     300 agents   managers     country; Lead weekly web-based training     agents   provide one-on-one training   necessary; Created   reference guide   explain company policies   procedures   agents; Produce weekly PowerPoint presentation, coordinate guest speakers   provide administrative updates   national sales meeting;   Excel, generate weekly, monthly   quarterly production reports",Real Estate Salesperson,"Successfully closed   $9 million   sales   establishing   maintaining relationships   clients; Researched, compiled   analyzed sales data   provide Broker’s Price Opinions   banks   asset management companies; Worked   loan officers, underwriters, title companies   inspectors   ensure deadlines   met; Acted     intermediary   buyers   sellers   negotiations; Advised clients   mortgage programs   procedures,     FHA, VA, USDA   conventional loans; Assisted buyers   locating   resources     situation, including local   payment assistance programs, first-time homebuyer programs, FHA 203k loans, etc.",Office Manager,"Compiled data   analyzed trends   prepare monthly, quarterly   annual budgets   projections; Implemented   invoicing procedures   improve cash flow;   Great Plains, responsible   accounting duties including accounts receivable, accounts payable   tracking job costs     office locations (Columbus     Rochester NY); Composed   edited standard business correspondence, internal memos   spreadsheets; Collaborated     Director   Marketing   produce marketing materials   submit proposals",,,,,
Data Analytics; Actuarial Science,Entrepreneurship,5/1/2017,,Technology Analyst Intern,Examined current processes   data warehouse environments   provide innovative solutions     runtimes; Restructured chargeback report     pulled data     variety   sources   account     costs   provided services; Produced visual representations   Tableau   R     presented   senior level managers,Research Analyst Intern,"Conceptualized   exploratory study   examined video recordings   cognitive interviews   model effective probing methods; Utilized Java, SAS,   R   independently compare   organizational systems     2014 Feasibility Study; Presented findings     Census Bureau   educate professionals   improvements     made   current procedures",Immunology Intern,"Designed   implemented experiments   test   importance   Ezrin’s role   development   Lupus,   autoimmune disorder; Communicated   results   audiences       advanced understanding   medical terminology; Improved protocol efficiency   explicitly assessing existing steps   analyzing alternate possibilities","Java, R, SAS, HTML, Google Analytics, Tableau Software, Microsoft Office, Adobe Suite, Lightroom 4.3",,"Leadership, Analysis, Communication, Strategic Planning, Adaptability, Focus, Maximization, Ideation",,
Actuarial Science,,5/1/2016,,Warehouseman,Assembled   types   fitness equipment; Recorded inbound   outbound orders   inventory,Sales Cashier,"Operated cash register, restocked, cleaned,   closed   store; Assisted travelers   giving clear, concise directions; Cook food     stations   needed; Monitored food temperatures   ensure     compliant   FDA regulations; Collaborated   coworkers   deliver high levels   customer satisfaction",,,,,,,
Economics,"Spanish, Computer Information Science",5/1/2017,,Political Data / Targeting Intern,Coordinate     voter database   municipal election campaigns     state       gain insight   voter preferences; Ensure data validity   taking inputs   88 county party organizations   election commissions; Consolidate party volunteer files   multiple campaign accounts   maximize efficiency; Code VBA macros   Excel   efficiently format   manipulate multiple large input files   entry     party’s VAN system,Business Analytics Intern ,Streamlined   process   analyzing risk vendor effectiveness     Excel   cross-reference transaction data provided     vendor   ACH return metrics   automatically tabulate   analyze results; Summarized results     quantitative risk analysis   create reports   communicate recommendations   upper management; Designed   cases   system architecture based   management guidance   Visio   aid     development     improved payment processing engine,Systems Analytics ,"Aggregated data   generate sales forecasts   bill   lading reports   senior management; tested   provided error solutions     Amazon AWS-based motorcycle marketing web application; Researched   compiled hardware requirement scenarios   analyzed risks   motorcycle show events; Managed company Stock & Flow Access database, updating monthly   generate reports; Assisted analysts   consulting     vendor   revamp   tie-in CRM   OEM parts management systems; Gained valuable experience working     Iterative model     Systems Development Lifecycle; Expanded knowledge   Relational Database Management Systems   Entity Relationship Diagramming","Skilled   Microsoft Excel, Word, Powerpoint, Outlook, Visio, Stata, Java,   C++; Basic proficiency   SQL, HTML, Python, Microsoft Access, ActiveX Controls, Relational Database Management, Web Application Architecture,   Pivot Tables",Professional fluency   Spanish,,,Director   Fundraising   student organization’s annual fundraising gala   provide exposure     organization   top members   state   local politics; Oversaw   generation   $800   revenue         academic year     position
Actuarial Science,,5/1/2018,,Soccer Referee,"Assigned   administrate games   boys/girls   ages 6   18; Worked   families, coaches, parents,   kids   enforcing   rules   soccer; Learned quick decision-making skills   ethical lessons",Student Page,Learned cooperation   fellow co-workers   scheduling   management techniques; Accomplished efficient time management skills   working     parts     library     times,Slide Attendant,Designated   oversee   slides     public pool; Gained valuable knowledge   interacting   members     community; Learned important lessons   safety   ways   avoid accidents,"Experienced   C++ Programming, Microsoft Word, Microsoft Excel,   Microsoft PowerPoint",,,,
Economics,Business,5/1/2016,,Sales   Delivery Manager ,Managed   Delivery   Sales Teams   group     franchise stores; Developed System   deal   high-volume demand   Holidays; Consistently brought     average sales numbers; Trained sales   delivery staff,Delivery Driver ,"Delivered products     efficient   timely manner; Provided excellent face-to-face       phone customer service; Worked   Team Members   provide fast, quality service",Support Services Employee ,Delivered sensitive files     state; Maintained files     large warehouse setting; Lead teams   special construction   maintenance projects,"STATA, R, Minitab; Word, Excel, PowerPoint, Access, Outlook",,,"Economic Models & Forecasting, Business Communications, Foundations   Accounting   Finance, Probability   Statistics",
Economics,,12/1/2015,,Guest Service Associate,"Work successfully   team-like environment; Collect   monitor     $1000 cash     time   shift; Establish customer service skills   build goodwill   encourage return-customers; Communicate   record customer transactions   hotel software; Travel     assigned task force   assist struggling properties   implement effective systems; Park   retrieve cars   guests demand   presenting   optimal customer service; Greet, Interact,   provide general assistance   guests",Summer Intern,"Assisted, interacted   supported members     design studio     company   relaying information   factory employees; Supported, oversaw   factory employees   order   accomplish management goals; Developed understanding   business functionality   participation   regular meetings   conference calls; Managed truck load efficiency   reported   management",,,"Excel, Word, PowerPoint, Outlook, Access",Spanish,,,
Actuarial Science; Mathematics,,5/1/2017,,Personal Lines Actuarial Intern,Utilized   Microsoft Excel   SAS   complete rate revisions; Produced indications     variety   states   products; Worked closely   interns     company   create   intern project; Composed documentation     rate revision process     future   hires,Community Relations Specialist,"Resolved member   guest’s problems   in-­?office       telephone; Trained   supervised   employees; Conducted routine accuracy checks     100,000 memberships",,,"Access, Excel, Outlook, PowerPoint, Word; SAS, MATLAB, HTML, PHP, JavaScript",,,"Probability   Statistics, Scientific Computing, Differential Equations, Spreadsheets   Databases, Theory   Interest, Linear Algebra",
Economics; Linguistics,,5/1/2017,,Junior Wealth Advisor,Gathered research     products       stocks   offer   clients; Developed mailings   send     clients informing     products   services; Contacted clients   update       status     accounts; Streamlined   updated filing system   office paperwork,Material Handler ,Operated motorized pallet jack   gather materials     warehouse; Loaded   unloaded trucks   plumbing materials; Motivated     helped company achieve production   safety goals,Valet Attendant ,Provided friendly customer service   familiarized customers     valet process; Collaborated     valets   achieve     efficient     park vehicles; Guided   valets   proper procedures   handling customers vehicles,"Proficient   Microsoft Word, Excel, PowerPoint, Access, Outlook? Minitab? proficient   internet research skills",Swahili? Basic Spanish,,,
Political Science; Economics,Gender Studies,5/1/2017,,Intern,"Assist Ohio District 13 Representative   running   Columbus office; Craft memos, newsletters,   testimony; Work closely   Legislative Aides   Representatives     coordination   legislation; Oversee constituent services",Director   Customer Service,Utilize TicketMaster technology   coordinate thousands   dollars   ticket sales; Employ strong interpersonal skills   navigate hectic game day box office,Election Judge,      Illinois State Scholars selected   serve   DuPage county polling places     2012 election; Promoted political participation   registering hundreds   thousands   voters; Worked   state officials   process Election Day ballots   preserve electoral integrity,,,,,
Actuarial Science,,5/1/2018,,Intern,Developed   database   ACT!; Researched   analyzed information pertaining   500+ real estate agents   Excel; Compiled   entered data   hundreds   clients     ACT! database,Deli Clerk ,"Delegated tasks   colleagues   maximize efficiency; Problem-solved daily,   increase sales   customer satisfaction; Interacted positively   dozens   customers   day; Learned   comprehensive understanding     deli     prior knowledge; Awarded   outstanding customer service   store manager; Shared ever-changing responsibilities   colleagues   communicated effectively,   ensure productivity",Secretary,"Recorded minutes     meeting   ensure effective record-keeping; Organized   aspects     club,   correspondence   officers       50 general members; Led   assisted     student   advisor-run programs     semester; Exceeded program requirements, including community service","Microsoft Office- including Excel   Access, Java, Act! Customer Relationship Management (CRM) Software",,,,
Mathematics,,5/1/2016,,Student Assistant,"Aiding     process   timekeeping, creating new-hire packets, copying papers,   filing papers",Bookkeeper,"Organizing filing cabinets, reconciling statements, managing bank accounts, entering invoices, paying bills, managing QuickBooks,     payroll",Camp Counselor,"Certified   CPR,   Aid, Oxygen, worked   children   5-7 years old, ensured   led safe activities daily,   made connections   campers",,,,,
Economics,,,,Student Administrative Assistant/Front Desk,Performed general office duties including copying   answering phones; Collaborated     student workers   large projects,Clerk/Office Automation/Computer Assistant,  software   find patterns   testing data; Assisted   workers   complete projects   make   job easier; Provided insight     topics   ensure things   running smoothly,Sales Associate/Cashier,"Worked   fellow employees   provide excellent service   customers; Resourcefully aided patrons   finding items, providing input     product selection; Professionally   courteously made customers feel welcome; unwavering positive attitude","Microsoft Office (Word, Excel, PowerPoint, Outlook) – proficient     programs",,"ability   create, format,   edit   variety   documents/presentations   precision   creativity; Exceptionally strong   articulate written   verbal skills",,
Economics,,,,Courtesy Crew Member,Assist customers   packages   loading cars; Collect shopping carts; Clean break rooms   required; Assist   stocking   unloading shipments,,,,,,,,,
Finance,,5/1/2015,,Wealth Management Senior Client Associate ,Selected     assistance   Planning team; Analyzed clients’ finances       Portfolio Optimization   Adviser   charge     $150 Million   assets; Designed   alternative framework   Financial Planning   Excel; identified discrepancies   previously conducted analysis; Presented analysis led   Financial Adviser   clients   asset allocation   interactive meetings; Helped clients transfer funds     accounts       open   accounts; Documented     client profiles   trades   compliance; Conducted daily sensitivity analysis       indexes   mutual funds     financial instruments,Executive Assistant   Senior Advisor,Prepare client asset allocation   current funds; Formulate cost basis analysis   tax purposes; Interact   clients   daily basis,,,,,,,"Treasurer   student ogranization, prepare   annual budget   $200,000+"
Strategic Communications,,5/1/2017,,Account Executive,Develop supplemental material   clients’ service; Create writings     press releases; Ensure clients     transparent execution   projects,Server,Provide unsurpassed customer service; Answer   questions     products; Assist customers   ordering,Brand Consultant,Blogged latest news   Instagram   Twitter; Photographed models   designers   bring relevance   Fashion Gallery NYFW; Ensured Fashion Gallery           light,,Conversational   Spanish   Vietnamese,Social media savvy; Strong teamwork skills; ,,
Economics,History,12/1/2015,,Service Catalog Uploader,Create   metadata     uploading thousands   important historic digital files     centralized national database     Department   Interior   purposes   preservation   accessibility,Service Catalog Intern,"Worked   lived       30 National Wildlife Refuges   Texas, Oklahoma, Arizona     Mexico, gleaning, scanning   archiving historic biological reports, management plans, photos, maps, creating digital files,   purposes   preservation   accessibility; Interacted   collaborated   hundreds   managers, biologists,   administrators",Summer Maintenance,"Helped clean, paint,   rearrange classrooms   Colchester High School; Completed   landscaping tasks including mowing, weed-eating,   mulching","Proficient   Microsoft Word, Excel, PowerPoint; Adobe Pro; Epson Scanning; proficient   internet research",Intermediate French speaker,,,
Financial Mathematics,,5/1/2016,,Fixed Assets Intern,"Worked alongside team   senior accountants   complete 6 month-end   2 quarter-end closes     $500 million corporation; Assisted   balance sheet analysis   ensure validity   accounts   investigated/resolved variances; Prepared   submitted hundreds   month-end   quarter-end journal entries,       approved   senior leadership; Generated asset tracking reports   customer account statements   Oracle Financials   ORBIT databases;   comprehensive understanding   Microsoft Excel   creating pivot tables, implementing macros,   utilizing lookup formulas   conduct analysis   monthly reports","Teaching Assistant, Introductory Accounting","Answer students questions     incorrect exam solutions; Assist     proctoring   grading     5,000 accounting exams   semester   ensuring   tolerance   errors; Work closely alongside     professor,     senior administrative student-staff member,   complete organizational tasks",Customer Service Associate,Oversaw   assisted customers     fulfillment     600 rental orders   week   Georgia’s largest rental boats chain; 2012   Valuable Associate Award       equipment maintenance     promotion   customer satisfaction,"Windows OS, Mac OS, Linux OS (C++), Microsoft Office – Excel, Word, Outlook, PowerPoint, Oracle Financials, Microsoft Access, ORBIT",,"Efficient, Organized, Analytical, Team Oriented, Internal   External Communication",,"President   student organization   founded Annual Alumni Tournament, part   fundraising activities   raised disposable income   $800     $7,500     year"
Economics,Business,5/1/2016,,Wind Energy Purchasing Intern,"Created   launched   business process   adding   wind energy sourced parts   purchasing plans; Interacted   global suppliers   Belgium, Germany   India       pricing, sourcing   shipping; Gained   depth understanding     wind energy supply chain; Created   edited purchase orders   Microsoft Navision   SAP; Created   edited bill   materials   Microsoft Navision   part kits   assemblies",Purchasing   Planning Intern,Reviewed   prepared shipping priority level requirements; Analyzed shipment history   order   identify   resolve instances   overcharging; Assisted manager   sales data collection pertaining   vehicles   parts   creation   presentations   aid meetings; Worked   tandem     staff   implement   plan   address   part shortage; Worked   optimizing method   receiving shipments     warehouse; Run data reports   Qlickview   order   provide   staff   needed information; Identified part orders needing air shipment       managers   approval,,,"Microsoft Office Products, Microsoft Dynamics NAV, SAP, QlickView",,,,
Actuarial Science; Economics,German,5/1/2017,,Intern,Operated databases   worked   peers   projects,Barista,Provided quick   excellent service   customers,Camp Counselor,Collaborated   coworkers   foster   energetic environment; Led group activities   improvised   planned activities   ineffective,"Access, Excel, PowerPoint, Word, Experienced   R Statistical Software",,,"Advanced Calculus, Linear Algebra, Theory   Interest, Foundations   Accounting, Probability   Statistics",
Economics,Business,5/1/2017,,Seasonal Park Specialist 1 ,Maintained general upkeep     40 parks     park district; Led   watering crew,,,,,"Proficient   Microsoft Word, Excel, Access, PowerPoint",,,,
Economics,Computer   Information Science,12/1/2016,,Part-time Teller,Log   process ATM deposits; Log   process night drops   day drops; Run daily processes   Teller21 window including withdrawals   deposits; Balance cash drawer daily; Balance cash vault,Office Clerk,"Generated Monthly Progress reports (Excel Spreadsheets)   Walmart lighting projects nationwide; Acted     liason   independent electrial contractors, Electrical companies   Walmart's stores   corporate office.;       stagnant work orders   worked       completed; Looked   problematic work orders   worked   deriving solutions   order   avoid       future   apply similar strategies     scenarios       nature",Quality Control Associate,Analyzed problematic coatings     lab       ran     production floor; Assisted     production project     Plant's Engineer     Quality Assurance manager; Participated     salvage project     Plant's Engineer     Quality Assurance manager; Examined returned defected coatings   discover   roots     problems; Stored     date records   experiments   log books     company's computer system,"Excel, Word, Powerpoint, Teller21, CE Desktop",,,,
Political Science; Economics,Organizational Communication; Spanish   Business,12/1/2016,,Lead Caller,"Procured   $130,000   donations         3 years   behalf   Ohio State; Fundraised   aid   University, Athletics, Stephanie Spielman Fund, Medical Center, Ross Heart Hospital, Veterinary Medical Center,   James Cancer Hospital,     Ohio State affiliates; Trained   50 Ohio State students       communicate     fundraise   behalf     Ohio State, hospital patients, student parents, athletes,   additional Ohio State affiliates; Developed connections   Ohio State alumni, provided information   updates   Ohio State,   reconnected alumni     University",,,,,"Statistical programming, analysis, scraping,   visualization skills   R, Stata, Gephi,   Eyes, Google Charts, Google Fusion Tables, OutWit Hub,   Microsoft Office","Fluent   English, Spanish, Russian",,,
Economics,,5/1/2018,,Server   Busser,Promoted   busser   server   earliest date available; Recieved employee     month     2013; Trained     10 employees     position,Academy Student,"  physicians, nurses, surgeons, pharmacists, medical research teams, secretaries       learn   intricacies     livley   extensive hospital; Attained proper social skills   business   interacting   patients, workers     CEO",Student Assistant,Developed time management skills     restricting work   school schedule; Demonstrated adaptablity   flexability   skillful proficiency     positions,"Microsoft Word, Excell, PowerPoint   Outlook, Adobe Photoshop, adept internet research   communication skills","  French, spoken   written",,,
Economics,Leadership Studies ,,,Data Analysis Intern   Lead Valet   Customer Service Rep.,Assist Senior Data Analyst   analytical studies   projects; Coordinate   managers   establishing parking organization; Analyze costs   dates     maintenance; Interact   hospital customers satisfactorily; Assist     sales   parking related permits,Start-up Entrepreneur,"Invested     Ford E-350 Cargo Van   researching moving trends; Moved college students   “new lease season” (July-August);   records   revenue   costs   Excel   accounting; Netted   profit     months,   providing affordable services   students",Intern Assembler,"Constructed product   assembly line infrastructure; Tested product   quality control; Learned values, operations   functions   internal business   HR","Microsoft Excel, Access, Word, Outlook, Powerpoint, WordPress website design, social media interfaces     Facebook   Twitter, internet research   search engines     Google; minute knowledge   programming (HTML), record   edit videos","Basic Spanish speaking, reading,   writing comprehension",,,Student Club Treasurer
Geographical Information Science; Economics; Chinese,,5/1/2017,,"Intern, Industrial Engineering",Prepared deployment   ORION     distribution center; Met   31 drivers   discuss   optimal route     ORION; Produced   compliance audit process   supervisors     Ohio Valley District,Server,"Performed general upkeep     country club, kitchen   ballroom; Assisted     delegated tasks   prepare   250 person capacity ballroom   large scale events; Facilitated weddings, corporate events,   banquets",,,"ArcGIS, C++, Python, HTML5, CSS, JavaScript, Certified   Creating, Editing,   Managing Geodatabases   ArcGIS Desktop",,,,
Actuarial Science,,5/1/2017,,Math   Science Tutor,Mentored   tutored   100 preschool   9th grade students   math   science; Helped 75%   students build     previous skills   helped   remaining   strong     skills,Tutor,Mentoring   tutoring multiple middle school students   math   science,,,"Basic Java   SQL, Mastery   Word, Excel, Outlook, PowerPoint,   OpenOffice","Proficient   Spanish   Telugu, verbal   written",,"Microeconomic, Macroeconomics, Calculus III",
Economics; Finance,,,,Wealth Management Intern,"Identified key economic drivers   daily market analysis   order   maximize client profitability; Evaluated business metrics   as; profit, revenue,   gross margin   determine investment allocations; Analyzed company portfolios   conduct risk analysis   provide top investment opportunities   clients",Capital Markets Intern,Implemented Argus     process   building financial models   discounted cash flow sales; Created industry surveys   benchmark comparable corporations     regional   national markets; Analyzed local real estate markets   build market knowledge   contribute     evaluation   real estate investment trusts (REITS),M&A Intern,Built financial models   excel   middle market company analysis     acquisition process; Constructed confidential information memorandum (CIM)   learn background information     M&A procedure; Analyzed   impact   capital structures   potential M&A transactions,,,,"Mat Lab, STATA,   “R” Programming; Financial Calculus 1&2; Analytic Statistics; Intermediate Microeconomic Theory; Intermediate Macroeconomic Theory; Financial Accounting 1&2; Econometrics; Computer Science   Engineering 1&2, International Economic Theory",
Economics,Arabic; French,5/1/2016,,,,,,,,"Excel, PowerPoint, Word, Gretl","Fluent   French, proficient   Arabic   Spanish",,,"Club director   finance, fund intercollegiate conferences       Model United Nations, maintain financial balance sheets, solicit commercial sponsorship, collect member dues, file tax documents   IRS, lead weekly finance committee meetings; Serve   delegate   Model United Nations -­? participate   international current event debates,   team writing   directives   resolutions aimed   dispute settlement"
Economics,Statistics   Political Science,5/1/2017,,Student Tutor,Assist economics students   understanding difficult concepts related   coursework; Collaborate   Economics Department   Professors   make   students   receiving   resources (Such       classes   providing resource information),Dock Assistant,Maintained organization   efficiency     fast paced environment       marina       docks; Worked directly   law enforcement     Pleasant Hill Lake   Park   safe   secure environment,,,"Proficient   Stata 14, Microsoft Office, Excel, PowerPoint, Strong Online Research Skills",American Sign Language,,"Advanced Calculus, Statistics, Micro/Macro Economics, Economics   Ethics Advanced Writing","Treasurer   student organization, created   financial system     club     ground     support volunteer opportunities   Columbus area   lead financial committee"
Economics,,5/1/2017,,Lifeguard,"Partner     lifeguards   ensure patron safety, enforce pool rules,   participate   training Exercises; Teach Red Cross Learn-to-Swim lessons   community kids aged 3-16;     additional work including pool   recreation center maintenance   assure pool opened   time",Campus Ambassador,Promoted social media website SPORTalk   campus   expand users; Communicated     ambassadors   organize promotional events   spread SPORTalk  ,Coach,Coached group   approximately 30 competitive youth swimmers aged 5-17; Collaborated     coaches   set     run swim meets efficiently,"Microsoft Office: Excel, Word, PowerPoint, Access",Basic Spanish proficiency,,"Calculus, Principles   Microeconomics, Intermediate Macroeconomic Theory, Spreadsheets   Databases, Intro   Business Statistics",
Data Analysis; Philosophy,,5/1/2018,,Administrative Assistant ,"Hire, train,   assist   supervision   10-15 student employees; Analyze data       department initiatives, events,   reports; Document   oversee department initiative   positional transition; Plan   implement department’s signature event   entire Ohio State community; Increase sponsorships   25%   donations   50%   signature event; Document office procedures   create tutorials       office; Collaborate     departments   companies   provide exemplary service",Software Development Intern,Write   develop programs   Python       organization website; Utilize SQL   control   manipulate website database; Assist     handling   organization’s computers   files,Summer Assistant,Analyzed records   assess   contents   files   categorize them; Utilized   records management system   control   database   files; Examined files   determine   relevant   company holdings,,,,,Treasurer   student organization
Political Science; Economics,Somali ,12/1/2015,,Security Monitor,  alert     violations   building rules   regulations and/or city   state laws; Responded   calls   assistance   intervened   threatening situations; Carried   dispatch duties   monitored screens   suspicious behavior; Completed incident reports   varying situations;     means   peacefully resolve disputes   guests   building personnel,Translator/Interpreter,Translated   documentaries   English   Somali; Translated PowerPoint presentations   English   Somali   performed voice overs   them; Helped incoming students   freshmen     transition period     university; Assisted     number   tasks     front desk,Financial Administrator,Conducted billing   pay rolling operations;   coded data   produce   submit claims   insurance companies; Reviewed   appealed   behalf   unpaid   denied claims; Assisted patients   answering billing   finance questions,Extensive knowledge   experience   computers   packages including MS Office     software,Fluency   Somali   English,,,
Economics,,5/1/2016,,Server/Banquet Server,"Developed strong ability   accurately determine needs, recommend solutions   create customer relationships; Coordinate activities   parties   events; Strong multitasking skills   competitively challenging environments",Program Coordinating Intern,"Set     explained   membership contracts; Leading   mentoring sessions, commanding attention,   engaging matches; Assist   school-based program coordinator     program components; Coordinates   implements activities   improve specific skills   character traits; Assist   volunteer   youth enrollment,   on-site match support ",Server/Trainer,Trained approximately 30+   servers; Contributed     opening   Logan’s Roadhouse     location,MS windows Proficient,American Sign Language,"Exceptional communication skills, Coordinates multiple tasks, Strong Client relations, Ability   work independently","Money   Banking, Intermediate Macroeconomics Theory, Government   Business, Business Statistics, Pre-calculus, Principles   Microeconomics, Persuasive Communication",
Actuarial Science,Economics,5/1/2017,,Pre-Calculus Tutor ,Assist OSU students     pre-calculus   remedial math  ,Sales Associate ,Promoted   company credit card   sold     20 company cards   customers; Helped coordinate   organize floor layouts   2-3 weeks; Assisted customers   bill payments     NY&C credit card,Controller Assistant ,Verified   amounts   monthly bank statements   consistent   amounts     company's cash account   bank reconciliations; Assisted   15+ financial reports   recording   data   Excel,"Proficient   Microsoft Word, Excel, Access,   PowerPoint",,,,
Economics,Chinese; Computer/Information Science ,5/1/2017,,District Intern ,"Networked   local business   political leaders   behalf     Senator; Streamlined responses   constituents   Mail Merge   Excel, Word,   Outlook;Trained   interns   full-time employees   Senate software systems   office policies; Presented awards   attended events     Senator     available; Worked   social media strategy   increase engagement   constituents; Managed   updated Excel databases   local leaders’ contact information   mailings",SAT Tutor ,"Worked   local high school students   improve SAT test-taking methods   essay writing; Built study plans     fix weaknesses   bolster strengths   Math & English sections; Developed personalized sample homework assignments     student; Created sample prompts,   edited   gave notes   written essays",District Intern ,Summer Internship working     Senator     Senior Representative; Managed constituent records   provided data   reports supporting   Senator’s policies; Presented awards   attended events   behalf     Senator; Answered constituents’ questions   email   incoming phone calls; Resolved constituent issues/problems   working   California state agencies,,,,"Mandarin Level 2, Financial Econometrics, C++ Data Structures, Principles   Accounting, Software Development & Design, Macro/Micro Economics",
Economics; International Studies,,5/1/2015,,Intern ,"Entrusted   make     15-20 district constituent calls   shift, resulting     resolution   constituent problems; Directed   carry   research   bills; ranging   obtaining key properties   similar bills     states, identifying enactment   results   previous bills,   seeking   funding   potential public   private constituent initiatives; Responsible   timely   efficient communication     district business concerns   law clarification; Supervision     office     instance       LA   representative   available, leaving       task   coordinating office duties",Associate,"Supervision   management     store, responsible   keeping employees   task; Responsible   resolving guest concerns   ensuring   wonderful experience; Entrusted   carrying   store cash deposits   handling   management tasks; Tasked   assisting employees   working hours   insure smooth operations",Library Assistant,"Organized   filed   incoming material, resulting   efficient distribution   material     main library; Participated     organization   local community events       Library, specifically   directing family activities","Proficiency   Microsoft Word, Excel, PowerPoint,     developed Internet research skills",,Planning/coordinating skills enable     work efficiently   integrate   efforts   fellow co-workers,,
Strategic Communications; Economics,,5/1/2017,,Crew Lead,"Profited   company $100,000   leading 3 man crew   5 exterior painting projects; Established mutually beneficial relationships     consumer     company; made competitive estimates   bids     jobs; Promoted   project manager     months   working; directed crew   completing objectives   bid   time     budget; trained   employees   scraping, priming   painting",lawn care specialist,"Turned seasonal profit   $4,500; reinvested $1,000   personal business; Designed advertisement flyers   expand company   2 lawns   8 lawns; Managed   constantly encouraged employees       customer   attitude; Expanded labor   lawn care   additional landscaping work   extend business operations   6 months   12 months",in-shop & delivery driver,Accelerated   training       delivery driver         weeks;   extra responsibilities   employment     slicing meat   taking deposits     bank,,,,,
Business Administration,,,,Full Time Hired Staff ,Demonstrated exceptional proficiency   substitute instructor Hired full-time     day   substitute instructor; Worked   head instructor     classes   24 students     duration       Provided constructive strategies   improve efficiency     workplace,Tutor,Tutored   group   6 students   regular school hours   Physics     IB program Assisted     understanding     content       apply     practice examinations,,,,"Fluent   English   Hindi, fair   Spanish",,,
Economics,,5/1/2016,,Student Assistant,"Conducted independent analytical research   sports statistics, regularly reporting     departmental advisor; Assembled large databases   multiple sources   manipulated data   develop   formulas; Created unique methods   models   quantify player production; Organized findings     research thesis     published     Journal   Sports Economics   presented     Denman Undergraduate Research Forum     conferences",Journey Leader,Trained   employees     positions; Responsible   customer order preparation   distribution; Prepared workstation   grill area   maintained   cleanliness,Cashier,"Responsible   opening   store, performing maintenance   equipment, managing inventory, maintaining cleanliness,   providing excellent customer service unsupervised     daily basis; Coordinated advertising, promotions,   customer relations   social media; Handled daily cash flows, financial reports,   deposits","Microsoft Excel VBA, including VLOOKUP     macros (self-taught)",,"Strong background   quantitative data analysis, including linear regression, applied mathematics,   forecasting",Performing basic SQL   R queries,
Economics,"Environment, Economy, Development, & Sustainability ",5/1/2016,,Business Administration Student ,"  working   Hexion Inc.     client-type relationship   Hexion representatives     suite   company submitted projects pertaining     Renewable Energy Industry;Completed in-depth industry analysis, created maturity map   industry leaders, & created materiality assessment augmented   industry research; Provided final strategic recommendations   Hexion’s Renewable Energy segment ",Research Intern ,Led   completed financial research projects     industries; Completed in-depth analysis   Energy Industry   performance   publicly owned oil   gas companies; Analyzed   prepared notes   multiple companies’ financial behavior   transactions   Roulston Research’s Roundtables; Wrote transcripts   Roulston Research’s Roundtables,Office Assistant ,"Assisted HR Dept   annual tasks   data entry   OSHA reporting; Supported weekly tasks pertaining   accounts receivable   payable,   payroll     60 employees; Led installation     software   company servers   computers ","Advanced skills   Microsoft Office Suite (Word, Excel, PowerPoint, etc.), & MATLAB",,,"Economics (Micro, Macro, & Agricultural), Business Administration, Sustainability studies, Statistics, Calculus, & Computer Science",
Economics,,,,Barista ,"Provide great customer service;   orders,   make coffee, tea,     drinks       customers’ specification;   cash register   credit card machines; Maintain common areas   working area;Responsible   removing trash, organizing ware,   cleaning premise; Clean coffee machines often; Maintain good customer relation   speedy delivery     beverages",Service Technician ,Perform repairs     maintenance   customers vehicles; Speak   customers     explains   problem   their;     easier solutions   customers   inspecting   repairing     vehicle,,,Microsoft Excel   Access,Fluent   Creole,,,
Actuarial Science; Mathematics,Economics,5/1/2017,,Coordinator,Founded   led   program       young girl     fire accident; Raised funds   self-made products; Reached       community   donations; Recruited   NFL football player   support   donations     $2000,Student Assistant,Prepare food       Market   function     day; Facilitate   cleaning   maintaining     Market   improve efficiency   longevity; Administer meals   develop relationships   customers   create good relationships     company   community,Sales Associate,"Maintained, recovered, restocked merchandise       store     running smoothly; Assisted customers     Home   Kids section   conserve   sense     mission statement","Excel, Access, PowerPoint, Word ",Conversation Level   Spanish; Beginning level   American Sign Language,,"Foundations   Accounting, Theory   Interest, Advanced Calculus, Spreadsheets   Databases",
Economics; Sociology,,5/1/2016,,Intern ,"Conceptualized   introduced     design   existing “Culture Matters"" billboard,   persuading team members   Continuous Improvement, Employee Engagement,   Innovation Team   collaborate     project; Assessed data   employee movement   workforce demographics     942 employees,       evaluated   Bank’s HR policies,   complete   Diversity   Practices survey   end   July; Oversaw team collaboration   employees   complete   Human Rights Campaign Corporate Equality Index survey   mid- August; Created   report         Senior Vice Presidents comparing   DiversityInc survey results   2014   2015,   determined areas   improvement     Bank",Conference Intern ,"Managed conference fees, flight records, hotel registrations   accommodations, roommate assignments   supply shipping     300 conference attendees     Mortar Board National Conference; Marketed Mortar Board merchandise   managed payments   conference   PayPal   Avectra,   online organizational membership base; Increased attendance   conference   reaching       230 chartered Mortar Board chapters; Resolved financial   logistical conflicts   conference attendees",Research Assistant ,Gathered   systematized data   hiring discrimination   occupational segregation   organizational settings   Jill Yavorsky’s PhD research project.,"Mastery   Microsoft Word, Excel, PowerPoint, Outlook, Access. Experienced   Stata   research methods.",,,,
Economics,Business; Political Science; English,5/1/2016,,Operations Intern ,Worked   Model Management   Optimization group   AML/BSA; Supported management   creating   maintaining documentation   monitor departmental tools; Analyzed monthly program performance   collaborated   presentation   executive leadership,Intern,Researched   prepared legislative briefs   talking points   relations   constituents; Assisted legislative staff   office   administrative duties,I.T. Data Analysis Intern Lead ,Led transition   intern team   item standardization project; Organized project goals   coordinated   upper management   project outlines,"Microsoft Office Suite: Excel, Access, PowerPoint, Word Statistical Analysis: Stata, SAS SQL, Gretl",,,"Econometrics, Money & Banking, Industrial Organization, Accounting   Finance",
Actuarial Science; Economics,,12/1/2016,,Student Lead,Manage   coffee station   evaluate co-workers; Order bakery items   supplies,Sales Associate,"Provided prompt, efficient,   polite customer service; Maintained   clean, customer friendly store; Managed   store     overnight shift; Cashed   items   customers",Sales Associate/ Cook,"Received orders, processed payments   responded   customer issues; Performed duties     front counter   drive-thru; Maintained healthy   safety standards     restaurant; Cleaned kitchen area, counters,   food preparation area","Microsoft Office (Access, Excel, PowerPoint, Word), C++ Programming,   Stata",Intermediate Spanish,,"Theory   Interest, Probability   Statistics, Life Contingencies, Advanced Calculus, Linear Algebra, Foundations   Accounting, Intermediate Microeconomics, Macroeconomics,   Econometrics",
Economics; Anthropology,,,,,,,,,,,,Collecting/Analyzing data   research   neighborhood Economic Development   Columbus Ohio,,Team Fundraiser   student organization
Data Analysis,,5/1/2016,,Tutor ,"Worked     ten hours   week; Tutored Algebra     II, Geometry, Calculus,   Spanish",Personal Assistant ,Worked     Personal Assistant   Winter Break; Helped organize office,,,Microsoft Office   Pages,Spanish,,,
Economics,Business   Statistics ,5/1/2016,,Research Assistant ,"Presented   poster   annual Society   Nutrition Education   Behavior Conference   Pittsburgh, PA   summer; Gained experience       STATA,   Data Analysis   Statistical Software; Gained experience   survey tool Quatrics; Organized   Tray-waste Database     3-year period   6   studies; involving 130 schools   tray- waste data,       Production Records; Recorded test scores   demographics     school       10 years; Collected data comparing   sales tax   general food versus pop, candy,     junk food categories   states   years 1948   2014     future paper",Intern   General Pediatrics ,"Analyzed 4280 patient’s physical charts   age,     template   documentation,   assessment   BMI; Analyzed documentation   dietary counseling, physical activity counseling, labs ordered,   reason     labs; Presented poster   forum     end     summer   invited back   present   Great Lakes Science Center",Host / Carside ToGo Specialist ,"Coordinated   entire dining area based     servers present   making       overdue   kitchen; Multitasked   answering   phone, preparing   packaging food,   running food   cars",,,,,
Economics,Business,5/1/2017,,Grounds Crew ,"Collaborate     grounds crew members   ensure   largest softball complex     nation   operating smoothly; Provide   safe   clean environment     efficient manner   make   tournaments     10,000 people follow schedule; Work     coworkers   finding safe   effective solutions   problems   occur     park     regular basis",RPAC Facility   Fitness Manager ,"Work   groups           provide safety, security,   customer service     conditioning/weight training environments     RPAC averaging twenty hour work weeks     school year; Inspect, maintain,     set   sports facilities   special events. Enforce departmental policies   health, safety,   security; Assisting   coordinator   managing   student staff     facility       550,000 square feet   size",Sales Associate ,"  top associate   sales     ability     demonstrate   describe   products accurately     sales floor     professional manner; Worked     highly stressful   fast-paced environment, assuring 100% satisfaction     customers; Merchandised, stocked   replenished   sales floor constantly     attending     customer  ",,,,,
Economics,Finance,,,Intern,Participated     business proposals   meet client’s needs; Wrote   drafted presentations   website reports   campaigns Assisted   B2B trade shows   behalf   clients; Researched consumer trends   market behaviors Wrote   reviewed copy   websites; Prepared   presented   consumer research   client’s campaigns,Sales Associate,Extensive work selling products   floor   building relationships   frequent customers; Assisted   register counting   bank delivery,Assistant Pastry Chef,Responsible   providing     step   campus café baked goods transportation,"Microsoft Word, Excel,   Powerpoint Analytical Reporting- Google Analytics; Revising   reviewing campaigns- Google AdWords Customer service   sales skills",,,,
Economics,Theatre,5/1/2017,,Economic/Finance Intern,Economic forecasting   modeling;   econometrics   analyze data sets; Work   excel     facilitate billing projects,Sales Associate,"Set   achieved daily, weekly,   monthly sales goals; Cultivated   managed excellent customer relationships",Coach,"Coached children ages 4-15; T-ball, Basketball, Track; Communicated   parents   guardians   facilitate weekly practices",,,Great communication skills     easily collaborate   others; High aptitude   mathematical concepts   models; Ability   create   ideas   implement   efficiently; Aptitude   analyzing complex information   communicating      ,,Treasurer   student organization
Economics,Chinese,12/1/2015,,Corporate Analyst Development Program Intern ,Completed Authentication Time Study resulting   $200K cost savings   Retail   Card Department; Worked collaboratively   Accenture revising Retail Customer Service operations   development   Control Process Maps; Established   implemented tactics   improve JD Powers ranking deficiencies   Call Center   Retail Bank; Improved Automated Call Center satisfaction   enhancement   Call Identification   Validation,Judgment Department Intern ,Utilized reporting functions   update case management systems   inform attorneys   case structural changes; Created pre-appraisal merged documents   Mortgage   Litigation cases   review   approval   senior staff,Operations Intern ,"Coordinated, scheduled,   managed daily activities   32+ team members; Collaborated     departments   Distribution   Stores   achieve optimal level   service requirements   74 Target stores serviced     West Jefferson Distribution Center; Created   implemented   operation process   discover trends     West Jefferson Distribution Center",,,,,
Economics,Mathematics,5/1/2016,Assocate   Arts,Area Manager,"Successfully produced ""quality"" janitorial services   7 properties   Columbus, Ohio; Effectively   efficiently lead, managed,   developed 11-12 employees; Developed   implemented   systems   support company, customer,   scope objectives; Proactively collaborated   company executives   initiatives   find solutions   company impediments; Responsible   janitorial services   high-profile businesses     secured areas   include: Law, Financial Services, Real estate, Civil Engineering/Construction, Non-Profit, Consulting,   Medical offices; Productively created employee professional/personal growth plans   conducted employee performance evaluations; Proactively articulated impediments   District Manager   Operations Manager; Accountable   ordering janitorial supplies   inventory management; Fostered professional-working relationships   staff members   accounts, improving customer relations, trust,   job satisfaction; Successfully developed   sustained ""high-performance"" teams     ""strong"" morale",Administrative Assistant   Senior Executive Officer,"Maintained sensitive documents   records     500 employees; Accounted     $500,000   service related property     daily bases; Organization Spirit Officer, supervised numerous negotiations   design   pricing   quality memorabilia embodying organization spirit; Supported personnel   creating   files   updating existing data   office     computer databases; Initiated administrative actions   quickly   effectively resolve finance   payroll challenges; Provided team members     motivation   attention   detail   order   complete daily tasks; Media escort   civilian counterparts; Enforced standards, organization policies,   directives; Constantly pursued   ways   improve organization systems   operations",Key Personnel Escort/ Radio Telephone Operator,Worked   supporting organizations   providing   highest mission readiness     500 personnel   support   Operation Enduring Freedom; Instrumental   generating   briefing   weekly schedules   training resources; Ensured   personnel   made aware       100% compliance   published guidance   directives; Succeeded     fast paced   highly demanding environment   utilizing     practices     organization   applying     challenging situations,,,"Management, Project Management,   Sigma, Data Analysis, Leadership, Behavioral Economics, Inventory Management, Record Keeping, Administration, Microsoft Office, Economic Data Analysis, Team Building, Negotiation, Process Improvement, Office Administration, Logistics Operations, Operational Planning, Command, Military Experience, Active Security Clearance, Business Technology, Operations Management, Training, Root   Analysis, Change Management, Information Assurance, Government, Public Policy",,
Actuarial Science; Mathematics,,12/1/2015,,Lifeguard,Responsible   supervising swimmers’ safety; Performed facility maintenance; Taught swim lesson classes   kids; Worked 40+ hours   week,,,,,"Microsoft Office, Java Programming",German,,"Computer Skills   Business, Probability, Theory   Interest, Accounting, Life Contingencies ",
Economics,,5/1/2016,,Carpet Cleaner,"Gained valuable customer service experience   working   homes   businesses   clientele; Wrote receipts, calculated prices, handled   person transactions,   carried       phone credit transactions; Performed daily inventory checks   restocking   work truck     supplies   materials",Summer Employee,Assumed   leadership role   working     summer employees; Collaborated     employees   daily tasks   order   enhance   maintain   appearance     city     efficient manner,Assistant Coach,"Developed interpersonal skills   working   players     interactions   parents, opposing coaches     personnel; Performed   maintenance     field         playable condition","Experience   MATLAB, SolidWorks, Microsoft Excel; Microsoft Word   PowerPoint",,,,
Economics,Business,5/1/2016,,Intern,Worked directly     financial advisor specializing     management   clients’403(b) accounts. Analyzed   investment vehicles   helped   determine asset allocations based   client’s risk tolerance.,Server,Sales position   required ability   communicate effectively   potential customers       managers.,Valet,Parked   retrieved cars     customers     restaurants   Columbus.,,,Management   Communication: Working     assistant gymnastics coach         ability   communicate effectively   respectfully   parents   children; Sales Experience: Working     direct sales position gave   experience   interfacing   management   customers     routine basis.,,
Economics,,5/1/2016,Associate   Science,Program Assistant,Planned   coordinated   mentoring program   50 male mentee students; Presented   mediated challenging topics     students   mentors; Organized events   guest speakers   present   50 students     community; Collaborated     team   enhance   redefine   program,Support Specialist,Mentor   provide guidance   male consumers; Enhanceconsumers’ independenceandself-­­helpskills; Assist   transporting consumers     locations; Document   administer medication     consumers; Awarded employee     month   September 2012,Pre?School Teacher ,Educated preschool students   ages 3-­­5   preparation   Kindergarten; Assisted   school age summer programs; Improved social skills     students; Graduated   classes   Kindergarten; Provided artwork   school plays   musical,Word   Excel,Basic Spanish,"Experienced   graphic   multimedia art; leadership, motivational,   analytical skills.",,
Economics,International Studies,5/1/2016,,Student Research Assistant   Measuring Residential Segregation Project,"Gathers historical data     sources including   Census, prison records,   Veteran Affairs; Organizes   reviews large data sets   prepares   statistical analysis; Analyzes data   runs linear regressions   statistical analysis tools     STATA",Intern,Developed financial literacy training materials   field representatives   loan officers; Collected loan payments   clients     townships; Marketed microfinance housing loans   qualifying customers   presentations,Assistant Editor   Summer Book Club Coordinator,"Developed rigorous   interactive lesson plans     60 elementary   middle school students; Instructed students     writing process, grammar,   mechanics   revision; Represented   organization   community functions     luncheons   city meetings; Presented   donors   funded nonprofit operations     functions; Wrote articles   local publications,       Wisconsin State Journal     education achievement gap   related issues","Intermediate proficiency   Spanish; Proficient   Microsoft Word, PowerPoint,   Excel; Proficient   STATA",,,,
Economics,Constitutional Law,12/1/2015,,Intern ,Screened phone calls; Contributed   script-writing   research,Fall Fellows Intern ,Registered young voters   Franklin County; Input data   OFA computer system,Writing Tutor ,Assisted current students     difficulties   struggles     writing; Helped current students   homework   essays,"Proficient   Windows 7, Windows XP, Lion, Snow Leopard, Microsoft Word, Access, PowerPoint, ",,"Organized, Punctual, Problem-solver, Creative, Meets deadlines, Team player, Great customer service skills","Public Speaking, Business Law, English Composition, Marketing, College",
Strategic Communications; Economics,,5/1/2016,,Telecounselor ,Address questions prospective students       applying     Ohio State University; Collect data     academic programs competitive     schools; Collaborate   60   undergraduates   work   weekly goals,Store Management Intern ,Coached   developed   team     sales associates       customer loyalty initiative; Drove sales   profit   analyzing trends alongside business partners   influenced merchandise selections; Inspired associates   build     strengths   work     myriad   opportunities   improvement   customer service,Marketing Intern ,"Promoted   ideas, works   accomplishments   young entrepreneurs; Utilized social media   gain   followers   networked     businesses; Contacted past   potential talents   articles written       gained   subscribers   solidifying relationships",,,,,
Data Analytics,,5/1/2018,,Membership Sales Office Assistant,Perform data entry     member information       error-correction; Process   member files   consolidate cancelled member files; Maintain   orderly system   member organization,,,,,"  year   programming experience   Java; introductory experience   HTML   XML; Proficient   Microsoft Office, Windows,     Internet",,,,
Data Analytics,,5/1/2018,,Intern,"Worked directly     CEO   create   company’s initial analytics offering; Analyzed large Medicare data sets   assess medication costs   prescribing patterns     state, health system   individual physician levels; Delivered   benchmark reporting system   efficiently generates   medication cost analysis   specific geographies and/or health systems; Created accurate   insightful data visualizations   conceptualized objectives; Gained experience   performing data integration, data cleansing, data modeling,   data integrity optimizations; Utilized TIBCO Sportfire analytics platform; Worked   startup environment",Pizza Delivery Driver,Delivered Pizza;   orders     phone; Created   positive experience     costumers; ,,,"Experience   Java, R   Python; Proficient   GitHub; Ability   learn programs quickly; Reputation     reliable, creative   detail oriented; Microsoft Excel",,,,
International Studies; Economics ,,5/1/2016,,Executive Intern ,"Engaged   business analysis   senior executives   determine actions   maintain   recoup sales, utilizing multiple metrics; Attended   depth   store visits   regional directors   determine   practices   opportunities; Coached team   associates   maintain   exceed targeted sales   loyalty goals",Assistant     Business Manager ,Assisted     coordination   programs   events; Organized   tracked fiscal accounts     Centers; Drafted promotional materials   communications     centers; Assisted     creation   policies   streamline   track       MRI Scanner,Intern ,Created marketing materials   nascent programs; Drafted   distributed materials   recruitment   outreach; Organized client information   resources   bookkeeping,,Chinese,,,
Economics,Computer   Information Science,12/1/2016,,groovy developer     ETL data warehousing team,"  Agile development methodology; Worked   business analysts, making   code met   business requirements; Reverse Engineered web application   explain tax calculations   products;   de modifications     groovy ETL application; Worked   MongoDB, supporting backend   application",Software Engineering Intern   Web Development ,"    .Net framework     Android app development; Wrote asp.net   C# code   develop front-end   back-end   interactive education-technology web site.   helped develop Microsoft SQL Server database   creating tables, writing stored procedures,   basic SQL commands; Worked   Android app development   wrote extensive Android codes   interactive education-technology mobile app; Worked   team   design layout   mobile app   website",,,"Java, Groovy, Android, C#, asp.net, HTML, Python, C++, Shell Scripting; Microsoft SQL Server, MongoDB; Linux/Unix; Microsoft Office Suite (Word, PowerPoint, Excel); Conversational Spanish",,,,
Financial Mathematics,,5/1/2016,,Mathematics Tutor,Assisted   sharpening   math skills   hundreds   students; Created   conducive environment   learning; Obtained   relationship   students   generated   70% return rate; Awarded   raise       year; Dependable     impeccable work record     absences ,Car Parts Handler/New Employee Trainer,Promoted     Employee Trainer       year; Received   raise     year; Set   records   production   Ohio;     responsibility   making     customer orders         timely manor; Eager   work overtime   needed; Dependable     impeccable work record     absences,Kitchen Crew Member,Supplied customers   food     efficient manner; Received exemplary grades   employee evaluations; Dependable     impeccable   record   absences,"Java Code, Computer proficiencies including MS Word, Excel,   Outlook. ",,,,
Data Analytics,Mathematics,5/1/2018,,Loan Processor ,"Analyzed income   asset documentation   determine   members qualified     mortgage; issued pre- approvals   denials accordingly; Served     primary contact person   borrowers; assisted borrowers   selecting   mortgage product, answered questions     loan process,   collected required documentation; Prepared pre-approval, underwriting,   closing documents     timely manner, carefully complying   federal   secondary market guidelines; Updated   Policies   Procedural Manual   reflect   practices   trained   loan processors",Assistant   Mortgage Consultant ,"Assembled mortgage applications, systematized office files,   documented business expenses",,,"Intermediate Skills   Java, C++, Excel, & R; Proficient   Adobe InDesign; Proficient   MS Word & PowerPoint",,,,
Economics,Finance,5/1/2016,"Bachelor, Computer Engineering",Photo Technician Specialist,"Controlling Machines   Processes -     control mechanisms   direct physical activity   operate machines   processes; Read instructions written   orders   examines contents   order   determine processing requirements size, type   other;   computers   computer systems   program, write software, set   functions, enter data,   process information; Developing, designing,   creating   applications, ideas, relationships, systems,   products, including artistic contributions; Evaluating Information   Determine Compliance   Standards -   relevant information   individual judgment   determine   events   processes comply   laws, regulations,   standards",Receptionist,"Provided office support services   order   ensure efficiency   effectiveness     Hamlet Office; Received, directed   relayed telephone messages   fax messages; Assisted     planning   preparation   meetings, conferences   conference telephone calls; Developed   maintained   current   accurate filing system; Greet, assist   directed students, visitors     general public",,,"Microsoft Works, Microsoft Office, Open Office, Adobe Photoshop, Mat Lab, Dr. Java, HTML5, CSS",Strong multicultural background   Bilingual (Spanish   English),,,
Economics; Anthropology,,5/1/2016,,Cashier/gardener ,,Student Server ,,Research Assistant ,,"Microsoft Office, Excel, Windows OS, PowerPoint",,,,
Economics,Entrepreneurship,5/2/2016,,Paid Intern,Hosted open houses   prospective buyers; Constructed graphic marketing tools   techniques   word press,Paid Intern,Interned   sales   insurance premiums; Assisted   personal   commercial customer service representation; Facilitated mergers     companies     industry,Paid Intern,Apprenticed   sales   distribution   computer supplies; Cold-Called   engaged potential consumers; Sold computer supplies   private   government consumers,"Microsoft Word, PowerPoint,   Excel function   presentation",Spanish – Intermediate Level ,,,
Political Science; Economics,,5/1/2016,,Europe Division Intern,"Collaborated   senior staff   organizing   biennial Transatlantic   Tank Conference,   75 delegates   17 countries, including Congressmen   Parliamentarians; Managed   reviewed contracts valued   $3000       IRI employees working   Europe",Student Trainee (Statistician),"Implemented data tools   easier comprehension   utility   Census   Governments data   government finances   organization; Acted   public point   contact     Governments Division       Bureau     data users including Congress, media,   researchers' Analyzed Central Collection Agreement     Governments Division     Kentucky state government   presented results   management stakeholders",,,"Proficient   Microsoft Office, Adobe InDesign, Processing design language; Experience   SAS, R,   JMP statistical software, Gretl econometric software","Conversational Spanish, elementary Italian; ",,,"Director   Finance   Administration, Residence Hall; Managed   budget   approximately $10,000     Ohio State dormitory; Prepared hall finances   semi-annual audits; Successfully planned   dormitory-wide talent show   100 audience members"
Economics,Business,12/1/2015,,"Intern, Commercial Lines Underwriting","Served         team leaders,         presenters,     2015 Grange internship capstone project presented     Grange Executive Team,   focused   improving   current Grange process; Evaluated property construction/condition     determine premium amounts       terms   coverage, specifically   millennial’s; Conducted research   insured companies,       part restaurants,   confirm type   business, verifying premiums   equal   coverage; Sat     commercial lines underwriting management meetings     acclimate     corporate culture.",Tax Associate/Intern,"Prepare   file tax returns,   corporate   personal,       file extensions   clients; Executed administrative work including book keeping   managing monthly accounts payable updates   multiple clients; Conduct regular pick ups     items   clients including Receipts, Bills, Bank Statements,   relevant legal documentation",Inventory Team,"Conduct inventory counts   restaurants   Ohio Union (Union Market, Sloopy’s,   Woody’s Bar   Grill); Inventory reorganization           ease   access     product   employees,       prevent miscounts due   misplacement   items; Assess variance   product sales   time   determine sufficient order quantities","Microsoft Excel, Word, Powerpoint, Outlook; QuickBooks; ProSeries;   Mainframe;       proficient Internet research skills",,,,
Actuarial Science,Economics,5/1/2018,,Crew Trainer ,"Handled money, food preparation,   customer service; Trained   crew members     stations; guest services; basic maintanence   clean  ",,,,,"Access, Excel, PowerPoint, Word Programming: C++, Java",,,"Calculus, Micro Economics, Computer Science   Engineering",
Economics,,5/1/2016,,Grocery Store Clerk,"      held   positions     taught       skills.   started   bagging   groceries,       promoted     cashier,         grocery clerk stocking   shelves     frozen   dairy departments,           Drug/General Merchandise clerk.     learned counting, maintaining,   ordering inventory.     supervisor     vacation   step         place     week,         managing     department experience",Summer Analytics Intern,Performed information synthesis   R     business-critical sales force survey       team   begin   perform analytical strategies   rapidly; Performed   descriptive analysis     survey data;   partnership     rest     Analytics Operation Excellence team; Participated   brainstorming sessions dealing   customer segmentation; Familiarized       databases     relevance   company   industry,Operator's Assistant,Assisted operator's     day   day production tasks; Worked alongside   teams     machines     factory setting; Maintained machine quality   cleanliness; Trained part-time workers;   work orders   shipping instructions,"Proficient   programming: Java, Software: R, Excel, Word, PowerPoint, Familiarity     workplace: SQL, Tableau",,,"Software   & II, Calculus I,II,III, Statistical Inference   Data Analytics, Probability   Data Analytics, Foundations   Accounting, Corporate   Personal Finance, Intermediate Microeconomic Theory",Business Analytics Industry Cluster
Economics,,5/1/2016,,Administrative assistant,Processed information requests; Managed mailings;     office duties   request,Intern,Shadowed   attorneys;     staff     firm; Learned     variety   law practices;   oil & gas law; Sat         trails;   learned courtroom proceedings,Instrument room staff,Assigned lockers   instruments   students; Distributed mail; Performed   maintenance     instruments; Distributed   managed instruments,,,,,
